id,2022,2023,2024,2025,2026,2027,2028,2029,2030,2031,2032,2033,2034,2035,2036,2037
REEF1,0,0,0,0,0,0,0,0,0,0,0,0,0,0,0,8
REEF2,0,0,0,0,0,0,0,0,0,0,0,0,0,0,8,0
REEF3,0,0,0,0,0,0,0,0,0,0,0,0,0,8,0,0
REEF4,0,0,0,0,0,0,0,0,0,0,0,0,8,0,0,0
REEF5,0,0,0,0,0,0,0,0,0,0,0,8,0,0,0,0
REEF6,0,0,0,0,0,0,0,0,0,0,8,0,0,0,0,0
REEF7,0,0,0,0,0,0,0,0,0,8,0,0,0,0,0,0
REEF8,0,0,0,0,0,0,0,0,8,0,0,0,0,0,0,0
REEF9,0,0,0,0,0,0,0,8,0,0,0,0,0,0,0,0
REEF10,0,0,0,0,0,0,8,0,0,0,0,0,0,0,0,0
REEF11,0,0,0,0,0,8,0,0,0,0,0,0,0,0,0,0
REEF12,0,0,0,0,8,0,0,0,0,0,0,0,0,0,0,0
REEF13,0,0,0,8,0,0,0,0,0,0,0,0,0,0,0,0
REEF14,0,0,8,0,0,0,0,0,0,0,0,0,0,0,0,0
REEF15,0,0,0,0,0,0,0,0,0,0,0,0,0,0,0,0
REEF16,0,0,0,0,0,0,0,0,0,0,0,0,0,0,0,8
REEF17,0,0,0,0,0,0,0,0,0,0,0,0,0,0,8,0
REEF18,0,0,0,0,0,0,0,0,0,0,0,0,0,8,0,0
REEF19,0,0,0,0,0,0,0,0,0,0,0,0,8,0,0,0
REEF20,0,0,0,0,0,0,0,0,0,0,0,8,0,0,0,0
REEF21,0,0,0,0,0,0,0,0,0,0,8,0,0,0,0,0
REEF22,0,0,0,0,0,0,0,0,0,8,0,0,0,0,0,0
REEF23,0,0,0,0,0,0,0,0,8,0,0,0,0,0,0,0
REEF24,0,0,0,0,0,0,0,8,0,0,0,0,0,0,0,0
REEF25,0,0,0,0,0,0,8,0,0,0,0,0,0,0,0,0
REEF26,0,0,0,0,0,8,0,0,0,0,0,0,0,0,0,0
REEF27,0,0,0,0,8,0,0,0,0,0,0,0,0,0,0,0
REEF28,0,0,0,8,0,0,0,0,0,0,0,0,0,0,0,0
REEF29,0,0,8,0,0,0,0,0,0,0,0,0,0,0,0,0
REEF30,0,0,0,0,0,0,0,0,0,0,0,0,0,0,0,0
REEF31,0,0,0,0,0,0,0,0,0,0,0,0,0,0,0,8
REEF32,0,0,0,0,0,0,0,0,0,0,0,0,0,0,8,0
REEF33,0,0,0,0,0,0,0,0,0,0,0,0,0,8,0,0
REEF34,0,0,0,0,0,0,0,0,0,0,0,0,8,0,0,0
REEF35,0,0,0,0,0,0,0,0,0,0,0,8,0,0,0,0
REEF36,0,0,0,0,0,0,0,0,0,0,8,0,0,0,0,0
REEF37,0,0,0,0,0,0,0,0,0,8,0,0,0,0,0,0
REEF38,0,0,0,0,0,0,0,0,8,0,0,0,0,0,0,0
REEF39,0,0,0,0,0,0,0,8,0,0,0,0,0,0,0,0
REEF40,0,0,0,0,0,0,8,0,0,0,0,0,0,0,0,0
REEF41,0,0,0,0,0,8,0,0,0,0,0,0,0,0,0,0
REEF42,0,0,0,0,8,0,0,0,0,0,0,0,0,0,0,0
REEF43,0,0,0,8,0,0,0,0,0,0,0,0,0,0,0,0
REEF44,0,0,8,0,0,0,0,0,0,0,0,0,0,0,0,0
REEF45,0,0,0,0,0,0,0,0,0,0,0,0,0,0,0,0
REEF46,0,0,0,0,0,0,0,0,0,0,0,0,0,0,0,8
REEF47,0,0,0,0,0,0,0,0,0,0,0,0,0,0,8,0
REEF48,0,0,0,0,0,0,0,0,0,0,0,0,0,8,0,0
REEF49,0,0,0,0,0,0,0,0,0,0,0,0,8,0,0,0
REEF50,0,0,0,0,0,0,0,0,0,0,0,8,0,0,0,0
REEF51,0,0,0,0,0,0,0,0,0,0,8,0,0,0,0,0
REEF52,0,0,0,0,0,0,0,0,0,8,0,0,0,0,0,0
REEF53,0,0,0,0,0,0,0,0,8,0,0,0,0,0,0,0
REEF54,0,0,0,0,0,0,0,8,0,0,0,0,0,0,0,0
REEF55,0,0,0,0,0,0,8,0,0,0,0,0,0,0,0,0
REEF56,0,0,0,0,0,8,0,0,0,0,0,0,0,0,0,0
REEF57,0,0,0,0,8,0,0,0,0,0,0,0,0,0,0,0
REEF58,0,0,0,8,0,0,0,0,0,0,0,0,0,0,0,0
REEF59,0,0,8,0,0,0,0,0,0,0,0,0,0,0,0,0
REEF60,0,0,0,0,0,0,0,0,0,0,0,0,0,0,0,0
REEF61,0,0,0,0,0,0,0,0,0,0,0,0,0,0,0,8
REEF62,0,0,0,0,0,0,0,0,0,0,0,0,0,0,8,0
REEF63,0,0,0,0,0,0,0,0,0,0,0,0,0,8,0,0
REEF64,0,0,0,0,0,0,0,0,0,0,0,0,8,0,0,0
REEF65,0,0,0,0,0,0,0,0,0,0,0,8,0,0,0,0
REEF66,0,0,0,0,0,0,0,0,0,0,8,0,0,0,0,0
REEF67,0,0,0,0,0,0,0,0,0,8,0,0,0,0,0,0
REEF68,0,0,0,0,0,0,0,0,8,0,0,0,0,0,0,0
REEF69,0,0,0,0,0,0,0,8,0,0,0,0,0,0,0,0
REEF70,0,0,0,0,0,0,8,0,0,0,0,0,0,0,0,0
REEF71,0,0,0,0,0,8,0,0,0,0,0,0,0,0,0,0
REEF72,0,0,0,0,8,0,0,0,0,0,0,0,0,0,0,0
REEF73,0,0,0,8,0,0,0,0,0,0,0,0,0,0,0,0
REEF74,0,0,8,0,0,0,0,0,0,0,0,0,0,0,0,0
REEF75,0,0,0,0,0,0,0,0,0,0,0,0,0,0,0,0
REEF76,0,0,0,0,0,0,0,0,0,0,0,0,0,0,0,8
REEF77,0,0,0,0,0,0,0,0,0,0,0,0,0,0,8,0
REEF78,0,0,0,0,0,0,0,0,0,0,0,0,0,8,0,0
REEF79,0,0,0,0,0,0,0,0,0,0,0,0,8,0,0,0
REEF80,0,0,0,0,0,0,0,0,0,0,0,8,0,0,0,0
REEF81,0,0,0,0,0,0,0,0,0,0,8,0,0,0,0,0
REEF82,0,0,0,0,0,0,0,0,0,8,0,0,0,0,0,0
REEF83,0,0,0,0,0,0,0,0,8,0,0,0,0,0,0,0
REEF84,0,0,0,0,0,0,0,8,0,0,0,0,0,0,0,0
REEF85,0,0,0,0,0,0,8,0,0,0,0,0,0,0,0,0
REEF86,0,0,0,0,0,8,0,0,0,0,0,0,0,0,0,0
REEF87,0,0,0,0,8,0,0,0,0,0,0,0,0,0,0,0
REEF88,0,0,0,8,0,0,0,0,0,0,0,0,0,0,0,0
REEF89,0,0,8,0,0,0,0,0,0,0,0,0,0,0,0,0
REEF90,0,0,0,0,0,0,0,0,0,0,0,0,0,0,0,0
REEF91,0,0,0,0,0,0,0,0,0,0,0,0,0,0,0,8
REEF92,0,0,0,0,0,0,0,0,0,0,0,0,0,0,8,0
REEF93,0,0,0,0,0,0,0,0,0,0,0,0,0,8,0,0
REEF94,0,0,0,0,0,0,0,0,0,0,0,0,8,0,0,0
REEF95,0,0,0,0,0,0,0,0,0,0,0,8,0,0,0,0
REEF96,0,0,0,0,0,0,0,0,0,0,8,0,0,0,0,0
REEF97,0,0,0,0,0,0,0,0,0,8,0,0,0,0,0,0
REEF98,0,0,0,0,0,0,0,0,8,0,0,0,0,0,0,0
REEF99,0,0,0,0,0,0,0,8,0,0,0,0,0,0,0,0
REEF100,0,0,0,0,0,0,8,0,0,0,0,0,0,0,0,0
REEF101,0,0,0,0,0,8,0,0,0,0,0,0,0,0,0,0
REEF102,0,0,0,0,8,0,0,0,0,0,0,0,0,0,0,0
REEF103,0,0,0,8,0,0,0,0,0,0,0,0,0,0,0,0
REEF104,0,0,8,0,0,0,0,0,0,0,0,0,0,0,0,0
REEF105,0,0,0,0,0,0,0,0,0,0,0,0,0,0,0,0
REEF106,0,0,0,0,0,0,0,0,0,0,0,0,0,0,0,8
REEF107,0,0,0,0,0,0,0,0,0,0,0,0,0,0,8,0
REEF108,0,0,0,0,0,0,0,0,0,0,0,0,0,8,0,0
REEF109,0,0,0,0,0,0,0,0,0,0,0,0,8,0,0,0
REEF110,0,0,0,0,0,0,0,0,0,0,0,8,0,0,0,0
REEF111,0,0,0,0,0,0,0,0,0,0,8,0,0,0,0,0
REEF112,0,0,0,0,0,0,0,0,0,8,0,0,0,0,0,0
REEF113,0,0,0,0,0,0,0,0,8,0,0,0,0,0,0,0
REEF114,0,0,0,0,0,0,0,8,0,0,0,0,0,0,0,0
REEF115,0,0,0,0,0,0,8,0,0,0,0,0,0,0,0,0
REEF116,0,0,0,0,0,8,0,0,0,0,0,0,0,0,0,0
REEF117,0,0,0,0,8,0,0,0,0,0,0,0,0,0,0,0
REEF118,0,0,0,8,0,0,0,0,0,0,0,0,0,0,0,0
REEF119,0,0,8,0,0,0,0,0,0,0,0,0,0,0,0,0
REEF120,0,0,0,0,0,0,0,0,0,0,0,0,0,0,0,0
REEF121,0,0,0,0,0,0,0,0,0,0,0,0,0,0,0,8
REEF122,0,0,0,0,0,0,0,0,0,0,0,0,0,0,8,0
REEF123,0,0,0,0,0,0,0,0,0,0,0,0,0,8,0,0
REEF124,0,0,0,0,0,0,0,0,0,0,0,0,8,0,0,0
REEF125,0,0,0,0,0,0,0,0,0,0,0,8,0,0,0,0
REEF126,0,0,0,0,0,0,0,0,0,0,8,0,0,0,0,0
REEF127,0,0,0,0,0,0,0,0,0,8,0,0,0,0,0,0
REEF128,0,0,0,0,0,0,0,0,8,0,0,0,0,0,0,0
REEF129,0,0,0,0,0,0,0,8,0,0,0,0,0,0,0,0
REEF130,0,0,0,0,0,0,8,0,0,0,0,0,0,0,0,0
REEF131,0,0,0,0,0,8,0,0,0,0,0,0,0,0,0,0
REEF132,0,0,0,0,8,0,0,0,0,0,0,0,0,0,0,0
REEF133,0,0,0,8,0,0,0,0,0,0,0,0,0,0,0,0
REEF134,0,0,8,0,0,0,0,0,0,0,0,0,0,0,0,0
REEF135,0,0,0,0,0,0,0,0,0,0,0,0,0,0,0,0
REEF136,0,0,0,0,0,0,0,0,0,0,0,0,0,0,0,8
REEF137,0,0,0,0,0,0,0,0,0,0,0,0,0,0,8,0
REEF138,0,0,0,0,0,0,0,0,0,0,0,0,0,8,0,0
REEF139,0,0,0,0,0,0,0,0,0,0,0,0,8,0,0,0
REEF140,0,0,0,0,0,0,0,0,0,0,0,8,0,0,0,0
REEF141,0,0,0,0,0,0,0,0,0,0,8,0,0,0,0,0
REEF142,0,0,0,0,0,0,0,0,0,8,0,0,0,0,0,0
REEF143,0,0,0,0,0,0,0,0,8,0,0,0,0,0,0,0
REEF144,0,0,0,0,0,0,0,8,0,0,0,0,0,0,0,0
REEF145,0,0,0,0,0,0,8,0,0,0,0,0,0,0,0,0
REEF146,0,0,0,0,0,8,0,0,0,0,0,0,0,0,0,0
REEF147,0,0,0,0,8,0,0,0,0,0,0,0,0,0,0,0
REEF148,0,0,0,8,0,0,0,0,0,0,0,0,0,0,0,0
REEF149,0,0,8,0,0,0,0,0,0,0,0,0,0,0,0,0
REEF150,0,0,0,0,0,0,0,0,0,0,0,0,0,0,0,0
REEF151,0,0,0,0,0,0,0,0,0,0,0,0,0,0,0,8
REEF152,0,0,0,0,0,0,0,0,0,0,0,0,0,0,8,0
REEF153,0,0,0,0,0,0,0,0,0,0,0,0,0,8,0,0
REEF154,0,0,0,0,0,0,0,0,0,0,0,0,8,0,0,0
REEF155,0,0,0,0,0,0,0,0,0,0,0,8,0,0,0,0
REEF156,0,0,0,0,0,0,0,0,0,0,8,0,0,0,0,0
REEF157,0,0,0,0,0,0,0,0,0,8,0,0,0,0,0,0
REEF158,0,0,0,0,0,0,0,0,8,0,0,0,0,0,0,0
REEF159,0,0,0,0,0,0,0,8,0,0,0,0,0,0,0,0
REEF160,0,0,0,0,0,0,8,0,0,0,0,0,0,0,0,0
REEF161,0,0,0,0,0,8,0,0,0,0,0,0,0,0,0,0
REEF162,0,0,0,0,8,0,0,0,0,0,0,0,0,0,0,0
REEF163,0,0,0,8,0,0,0,0,0,0,0,0,0,0,0,0
REEF164,0,0,8,0,0,0,0,0,0,0,0,0,0,0,0,0
REEF165,0,0,0,0,0,0,0,0,0,0,0,0,0,0,0,0
REEF166,0,0,0,0,0,0,0,0,0,0,0,0,0,0,0,8
REEF167,0,0,0,0,0,0,0,0,0,0,0,0,0,0,8,0
REEF168,0,0,0,0,0,0,0,0,0,0,0,0,0,8,0,0
REEF169,0,0,0,0,0,0,0,0,0,0,0,0,8,0,0,0
REEF170,0,0,0,0,0,0,0,0,0,0,0,8,0,0,0,0
REEF171,0,0,0,0,0,0,0,0,0,0,8,0,0,0,0,0
REEF172,0,0,0,0,0,0,0,0,0,8,0,0,0,0,0,0
REEF173,0,0,0,0,0,0,0,0,8,0,0,0,0,0,0,0
REEF174,0,0,0,0,0,0,0,8,0,0,0,0,0,0,0,0
REEF175,0,0,0,0,0,0,8,0,0,0,0,0,0,0,0,0
REEF176,0,0,0,0,0,8,0,0,0,0,0,0,0,0,0,0
REEF177,0,0,0,0,8,0,0,0,0,0,0,0,0,0,0,0
REEF178,0,0,0,8,0,0,0,0,0,0,0,0,0,0,0,0
REEF179,0,0,8,0,0,0,0,0,0,0,0,0,0,0,0,0
REEF180,0,0,0,0,0,0,0,0,0,0,0,0,0,0,0,0
REEF181,0,0,0,0,0,0,0,0,0,0,0,0,0,0,0,8
REEF182,0,0,0,0,0,0,0,0,0,0,0,0,0,0,8,0
REEF183,0,0,0,0,0,0,0,0,0,0,0,0,0,8,0,0
REEF184,0,0,0,0,0,0,0,0,0,0,0,0,8,0,0,0
REEF185,0,0,0,0,0,0,0,0,0,0,0,8,0,0,0,0
REEF186,0,0,0,0,0,0,0,0,0,0,8,0,0,0,0,0
REEF187,0,0,0,0,0,0,0,0,0,8,0,0,0,0,0,0
REEF188,0,0,0,0,0,0,0,0,8,0,0,0,0,0,0,0
REEF189,0,0,0,0,0,0,0,8,0,0,0,0,0,0,0,0
REEF190,0,0,0,0,0,0,8,0,0,0,0,0,0,0,0,0
REEF191,0,0,0,0,0,8,0,0,0,0,0,0,0,0,0,0
REEF192,0,0,0,0,8,0,0,0,0,0,0,0,0,0,0,0
REEF193,0,0,0,8,0,0,0,0,0,0,0,0,0,0,0,0
REEF194,0,0,8,0,0,0,0,0,0,0,0,0,0,0,0,0
REEF195,0,0,0,0,0,0,0,0,0,0,0,0,0,0,0,0
REEF196,0,0,0,0,0,0,0,0,0,0,0,0,0,0,0,8
REEF197,0,0,0,0,0,0,0,0,0,0,0,0,0,0,8,0
REEF198,0,0,0,0,0,0,0,0,0,0,0,0,0,8,0,0
REEF199,0,0,0,0,0,0,0,0,0,0,0,0,8,0,0,0
REEF200,0,0,0,0,0,0,0,0,0,0,0,8,0,0,0,0
REEF201,0,0,0,0,0,0,0,0,0,0,8,0,0,0,0,0
REEF202,0,0,0,0,0,0,0,0,0,8,0,0,0,0,0,0
REEF203,0,0,0,0,0,0,0,0,8,0,0,0,0,0,0,0
REEF204,0,0,0,0,0,0,0,8,0,0,0,0,0,0,0,0
REEF205,0,0,0,0,0,0,8,0,0,0,0,0,0,0,0,0
REEF206,0,0,0,0,0,8,0,0,0,0,0,0,0,0,0,0
REEF207,0,0,0,0,8,0,0,0,0,0,0,0,0,0,0,0
REEF208,0,0,0,8,0,0,0,0,0,0,0,0,0,0,0,0
REEF209,0,0,8,0,0,0,0,0,0,0,0,0,0,0,0,0
REEF210,0,0,0,0,0,0,0,0,0,0,0,0,0,0,0,0
REEF211,0,0,0,0,0,0,0,0,0,0,0,0,0,0,0,8
REEF212,0,0,0,0,0,0,0,0,0,0,0,0,0,0,8,0
REEF213,0,0,0,0,0,0,0,0,0,0,0,0,0,8,0,0
REEF214,0,0,0,0,0,0,0,0,0,0,0,0,8,0,0,0
REEF215,0,0,0,0,0,0,0,0,0,0,0,8,0,0,0,0
REEF216,0,0,0,0,0,0,0,0,0,0,8,0,0,0,0,0
REEF217,0,0,0,0,0,0,0,0,0,8,0,0,0,0,0,0
REEF218,0,0,0,0,0,0,0,0,8,0,0,0,0,0,0,0
REEF219,0,0,0,0,0,0,0,8,0,0,0,0,0,0,0,0
REEF220,0,0,0,0,0,0,8,0,0,0,0,0,0,0,0,0
REEF221,0,0,0,0,0,8,0,0,0,0,0,0,0,0,0,0
REEF222,0,0,0,0,8,0,0,0,0,0,0,0,0,0,0,0
REEF223,0,0,0,8,0,0,0,0,0,0,0,0,0,0,0,0
REEF224,0,0,8,0,0,0,0,0,0,0,0,0,0,0,0,0
REEF225,0,0,0,0,0,0,0,0,0,0,0,0,0,0,0,0
REEF226,0,0,0,0,0,0,0,0,0,0,0,0,0,0,0,8
REEF227,0,0,0,0,0,0,0,0,0,0,0,0,0,0,8,0
REEF228,0,0,0,0,0,0,0,0,0,0,0,0,0,8,0,0
REEF229,0,0,0,0,0,0,0,0,0,0,0,0,8,0,0,0
REEF230,0,0,0,0,0,0,0,0,0,0,0,8,0,0,0,0
REEF231,0,0,0,0,0,0,0,0,0,0,8,0,0,0,0,0
REEF232,0,0,0,0,0,0,0,0,0,8,0,0,0,0,0,0
REEF233,0,0,0,0,0,0,0,0,8,0,0,0,0,0,0,0
REEF234,0,0,0,0,0,0,0,8,0,0,0,0,0,0,0,0
REEF235,0,0,0,0,0,0,8,0,0,0,0,0,0,0,0,0
REEF236,0,0,0,0,0,8,0,0,0,0,0,0,0,0,0,0
REEF237,0,0,0,0,8,0,0,0,0,0,0,0,0,0,0,0
REEF238,0,0,0,8,0,0,0,0,0,0,0,0,0,0,0,0
REEF239,0,0,8,0,0,0,0,0,0,0,0,0,0,0,0,0
REEF240,0,0,0,0,0,0,0,0,0,0,0,0,0,0,0,0
REEF241,0,0,0,0,0,0,0,0,0,0,0,0,0,0,0,8
REEF242,0,0,0,0,0,0,0,0,0,0,0,0,0,0,8,0
REEF243,0,0,0,0,0,0,0,0,0,0,0,0,0,8,0,0
REEF244,0,0,0,0,0,0,0,0,0,0,0,0,8,0,0,0
REEF245,0,0,0,0,0,0,0,0,0,0,0,8,0,0,0,0
REEF246,0,0,0,0,0,0,0,0,0,0,8,0,0,0,0,0
REEF247,0,0,0,0,0,0,0,0,0,8,0,0,0,0,0,0
REEF248,0,0,0,0,0,0,0,0,8,0,0,0,0,0,0,0
REEF249,0,0,0,0,0,0,0,8,0,0,0,0,0,0,0,0
REEF250,0,0,0,0,0,0,8,0,0,0,0,0,0,0,0,0
REEF251,0,0,0,0,0,8,0,0,0,0,0,0,0,0,0,0
REEF252,0,0,0,0,8,0,0,0,0,0,0,0,0,0,0,0
REEF253,0,0,0,8,0,0,0,0,0,0,0,0,0,0,0,0
REEF254,0,0,8,0,0,0,0,0,0,0,0,0,0,0,0,0
REEF255,0,0,0,0,0,0,0,0,0,0,0,0,0,0,0,0
REEF256,0,0,0,0,0,0,0,0,0,0,0,0,0,0,0,8
REEF257,0,0,0,0,0,0,0,0,0,0,0,0,0,0,8,0
REEF258,0,0,0,0,0,0,0,0,0,0,0,0,0,8,0,0
REEF259,0,0,0,0,0,0,0,0,0,0,0,0,8,0,0,0
REEF260,0,0,0,0,0,0,0,0,0,0,0,8,0,0,0,0
REEF261,0,0,0,0,0,0,0,0,0,0,8,0,0,0,0,0
REEF262,0,0,0,0,0,0,0,0,0,8,0,0,0,0,0,0
REEF263,0,0,0,0,0,0,0,0,8,0,0,0,0,0,0,0
REEF264,0,0,0,0,0,0,0,8,0,0,0,0,0,0,0,0
REEF265,0,0,0,0,0,0,8,0,0,0,0,0,0,0,0,0
REEF266,0,0,0,0,0,8,0,0,0,0,0,0,0,0,0,0
REEF267,0,0,0,0,8,0,0,0,0,0,0,0,0,0,0,0
REEF268,0,0,0,8,0,0,0,0,0,0,0,0,0,0,0,0
REEF269,0,0,8,0,0,0,0,0,0,0,0,0,0,0,0,0
REEF270,0,0,0,0,0,0,0,0,0,0,0,0,0,0,0,0
REEF271,0,0,0,0,0,0,0,0,0,0,0,0,0,0,0,8
REEF272,0,0,0,0,0,0,0,0,0,0,0,0,0,0,8,0
REEF273,0,0,0,0,0,0,0,0,0,0,0,0,0,8,0,0
REEF274,0,0,0,0,0,0,0,0,0,0,0,0,8,0,0,0
REEF275,0,0,0,0,0,0,0,0,0,0,0,8,0,0,0,0
REEF276,0,0,0,0,0,0,0,0,0,0,8,0,0,0,0,0
REEF277,0,0,0,0,0,0,0,0,0,8,0,0,0,0,0,0
REEF278,0,0,0,0,0,0,0,0,8,0,0,0,0,0,0,0
REEF279,0,0,0,0,0,0,0,8,0,0,0,0,0,0,0,0
REEF280,0,0,0,0,0,0,8,0,0,0,0,0,0,0,0,0
REEF281,0,0,0,0,0,8,0,0,0,0,0,0,0,0,0,0
REEF282,0,0,0,0,8,0,0,0,0,0,0,0,0,0,0,0
REEF283,0,0,0,8,0,0,0,0,0,0,0,0,0,0,0,0
REEF284,0,0,8,0,0,0,0,0,0,0,0,0,0,0,0,0
REEF285,0,0,0,0,0,0,0,0,0,0,0,0,0,0,0,0
REEF286,0,0,0,0,0,0,0,0,0,0,0,0,0,0,0,8
REEF287,0,0,0,0,0,0,0,0,0,0,0,0,0,0,8,0
REEF288,0,0,0,0,0,0,0,0,0,0,0,0,0,8,0,0
REEF289,0,0,0,0,0,0,0,0,0,0,0,0,8,0,0,0
REEF290,0,0,0,0,0,0,0,0,0,0,0,8,0,0,0,0
REEF291,0,0,0,0,0,0,0,0,0,0,8,0,0,0,0,0
REEF292,0,0,0,0,0,0,0,0,0,8,0,0,0,0,0,0
REEF293,0,0,0,0,0,0,0,0,8,0,0,0,0,0,0,0
REEF294,0,0,0,0,0,0,0,8,0,0,0,0,0,0,0,0
REEF295,0,0,0,0,0,0,8,0,0,0,0,0,0,0,0,0
REEF296,0,0,0,0,0,8,0,0,0,0,0,0,0,0,0,0
REEF297,0,0,0,0,8,0,0,0,0,0,0,0,0,0,0,0
REEF298,0,0,0,8,0,0,0,0,0,0,0,0,0,0,0,0
REEF299,0,0,8,0,0,0,0,0,0,0,0,0,0,0,0,0
REEF300,0,0,0,0,0,0,0,0,0,0,0,0,0,0,0,0
REEF301,0,0,0,0,0,0,0,0,0,0,0,0,0,0,0,8
REEF302,0,0,0,0,0,0,0,0,0,0,0,0,0,0,8,0
REEF303,0,0,0,0,0,0,0,0,0,0,0,0,0,8,0,0
REEF304,0,0,0,0,0,0,0,0,0,0,0,0,8,0,0,0
REEF305,0,0,0,0,0,0,0,0,0,0,0,8,0,0,0,0
REEF306,0,0,0,0,0,0,0,0,0,0,8,0,0,0,0,0
REEF307,0,0,0,0,0,0,0,0,0,8,0,0,0,0,0,0
REEF308,0,0,0,0,0,0,0,0,8,0,0,0,0,0,0,0
REEF309,0,0,0,0,0,0,0,8,0,0,0,0,0,0,0,0
REEF310,0,0,0,0,0,0,8,0,0,0,0,0,0,0,0,0
REEF311,0,0,0,0,0,8,0,0,0,0,0,0,0,0,0,0
REEF312,0,0,0,0,8,0,0,0,0,0,0,0,0,0,0,0
REEF313,0,0,0,8,0,0,0,0,0,0,0,0,0,0,0,0
REEF314,0,0,8,0,0,0,0,0,0,0,0,0,0,0,0,0
REEF315,0,0,0,0,0,0,0,0,0,0,0,0,0,0,0,0
REEF316,0,0,0,0,0,0,0,0,0,0,0,0,0,0,0,8
REEF317,0,0,0,0,0,0,0,0,0,0,0,0,0,0,8,0
REEF318,0,0,0,0,0,0,0,0,0,0,0,0,0,8,0,0
REEF319,0,0,0,0,0,0,0,0,0,0,0,0,8,0,0,0
REEF320,0,0,0,0,0,0,0,0,0,0,0,8,0,0,0,0
REEF321,0,0,0,0,0,0,0,0,0,0,8,0,0,0,0,0
REEF322,0,0,0,0,0,0,0,0,0,8,0,0,0,0,0,0
REEF323,0,0,0,0,0,0,0,0,8,0,0,0,0,0,0,0
REEF324,0,0,0,0,0,0,0,8,0,0,0,0,0,0,0,0
REEF325,0,0,0,0,0,0,8,0,0,0,0,0,0,0,0,0
REEF326,0,0,0,0,0,8,0,0,0,0,0,0,0,0,0,0
REEF327,0,0,0,0,8,0,0,0,0,0,0,0,0,0,0,0
REEF328,0,0,0,8,0,0,0,0,0,0,0,0,0,0,0,0
REEF329,0,0,8,0,0,0,0,0,0,0,0,0,0,0,0,0
REEF330,0,0,0,0,0,0,0,0,0,0,0,0,0,0,0,0
REEF331,0,0,0,0,0,0,0,0,0,0,0,0,0,0,0,8
REEF332,0,0,0,0,0,0,0,0,0,0,0,0,0,0,8,0
REEF333,0,0,0,0,0,0,0,0,0,0,0,0,0,8,0,0
REEF334,0,0,0,0,0,0,0,0,0,0,0,0,8,0,0,0
REEF335,0,0,0,0,0,0,0,0,0,0,0,8,0,0,0,0
REEF336,0,0,0,0,0,0,0,0,0,0,8,0,0,0,0,0
REEF337,0,0,0,0,0,0,0,0,0,8,0,0,0,0,0,0
REEF338,0,0,0,0,0,0,0,0,8,0,0,0,0,0,0,0
REEF339,0,0,0,0,0,0,0,8,0,0,0,0,0,0,0,0
REEF340,0,0,0,0,0,0,8,0,0,0,0,0,0,0,0,0
REEF341,0,0,0,0,0,8,0,0,0,0,0,0,0,0,0,0
REEF342,0,0,0,0,8,0,0,0,0,0,0,0,0,0,0,0
REEF343,0,0,0,8,0,0,0,0,0,0,0,0,0,0,0,0
REEF344,0,0,8,0,0,0,0,0,0,0,0,0,0,0,0,0
REEF345,0,0,0,0,0,0,0,0,0,0,0,0,0,0,0,0
REEF346,0,0,0,0,0,0,0,0,0,0,0,0,0,0,0,8
REEF347,0,0,0,0,0,0,0,0,0,0,0,0,0,0,8,0
REEF348,0,0,0,0,0,0,0,0,0,0,0,0,0,8,0,0
REEF349,0,0,0,0,0,0,0,0,0,0,0,0,8,0,0,0
REEF350,0,0,0,0,0,0,0,0,0,0,0,8,0,0,0,0
REEF351,0,0,0,0,0,0,0,0,0,0,8,0,0,0,0,0
REEF352,0,0,0,0,0,0,0,0,0,8,0,0,0,0,0,0
REEF353,0,0,0,0,0,0,0,0,8,0,0,0,0,0,0,0
REEF354,0,0,0,0,0,0,0,8,0,0,0,0,0,0,0,0
REEF355,0,0,0,0,0,0,8,0,0,0,0,0,0,0,0,0
REEF356,0,0,0,0,0,8,0,0,0,0,0,0,0,0,0,0
REEF357,0,0,0,0,8,0,0,0,0,0,0,0,0,0,0,0
REEF358,0,0,0,8,0,0,0,0,0,0,0,0,0,0,0,0
REEF359,0,0,8,0,0,0,0,0,0,0,0,0,0,0,0,0
REEF360,0,0,0,0,0,0,0,0,0,0,0,0,0,0,0,0
REEF361,0,0,0,0,0,0,0,0,0,0,0,0,0,0,0,8
REEF362,0,0,0,0,0,0,0,0,0,0,0,0,0,0,8,0
REEF363,0,0,0,0,0,0,0,0,0,0,0,0,0,8,0,0
REEF364,0,0,0,0,0,0,0,0,0,0,0,0,8,0,0,0
REEF365,0,0,0,0,0,0,0,0,0,0,0,8,0,0,0,0
REEF366,0,0,0,0,0,0,0,0,0,0,8,0,0,0,0,0
REEF367,0,0,0,0,0,0,0,0,0,8,0,0,0,0,0,0
REEF368,0,0,0,0,0,0,0,0,8,0,0,0,0,0,0,0
REEF369,0,0,0,0,0,0,0,8,0,0,0,0,0,0,0,0
REEF370,0,0,0,0,0,0,8,0,0,0,0,0,0,0,0,0
REEF371,0,0,0,0,0,8,0,0,0,0,0,0,0,0,0,0
REEF372,0,0,0,0,8,0,0,0,0,0,0,0,0,0,0,0
REEF373,0,0,0,8,0,0,0,0,0,0,0,0,0,0,0,0
REEF374,0,0,8,0,0,0,0,0,0,0,0,0,0,0,0,0
REEF375,0,0,0,0,0,0,0,0,0,0,0,0,0,0,0,0
REEF376,0,0,0,0,0,0,0,0,0,0,0,0,0,0,0,8
REEF377,0,0,0,0,0,0,0,0,0,0,0,0,0,0,8,0
REEF378,0,0,0,0,0,0,0,0,0,0,0,0,0,8,0,0
REEF379,0,0,0,0,0,0,0,0,0,0,0,0,8,0,0,0
REEF380,0,0,0,0,0,0,0,0,0,0,0,8,0,0,0,0
REEF381,0,0,0,0,0,0,0,0,0,0,8,0,0,0,0,0
REEF382,0,0,0,0,0,0,0,0,0,8,0,0,0,0,0,0
REEF383,0,0,0,0,0,0,0,0,8,0,0,0,0,0,0,0
REEF384,0,0,0,0,0,0,0,8,0,0,0,0,0,0,0,0
REEF385,0,0,0,0,0,0,8,0,0,0,0,0,0,0,0,0
REEF386,0,0,0,0,0,8,0,0,0,0,0,0,0,0,0,0
REEF387,0,0,0,0,8,0,0,0,0,0,0,0,0,0,0,0
REEF388,0,0,0,8,0,0,0,0,0,0,0,0,0,0,0,0
REEF389,0,0,8,0,0,0,0,0,0,0,0,0,0,0,0,0
REEF390,0,0,0,0,0,0,0,0,0,0,0,0,0,0,0,0
REEF391,0,0,0,0,0,0,0,0,0,0,0,0,0,0,0,8
REEF392,0,0,0,0,0,0,0,0,0,0,0,0,0,0,8,0
REEF393,0,0,0,0,0,0,0,0,0,0,0,0,0,8,0,0
REEF394,0,0,0,0,0,0,0,0,0,0,0,0,8,0,0,0
REEF395,0,0,0,0,0,0,0,0,0,0,0,8,0,0,0,0
REEF396,0,0,0,0,0,0,0,0,0,0,8,0,0,0,0,0
REEF397,0,0,0,0,0,0,0,0,0,8,0,0,0,0,0,0
REEF398,0,0,0,0,0,0,0,0,8,0,0,0,0,0,0,0
REEF399,0,0,0,0,0,0,0,8,0,0,0,0,0,0,0,0
REEF400,0,0,0,0,0,0,8,0,0,0,0,0,0,0,0,0
REEF401,0,0,0,0,0,8,0,0,0,0,0,0,0,0,0,0
REEF402,0,0,0,0,8,0,0,0,0,0,0,0,0,0,0,0
REEF403,0,0,0,8,0,0,0,0,0,0,0,0,0,0,0,0
REEF404,0,0,8,0,0,0,0,0,0,0,0,0,0,0,0,0
REEF405,0,0,0,0,0,0,0,0,0,0,0,0,0,0,0,0
REEF406,0,0,0,0,0,0,0,0,0,0,0,0,0,0,0,8
REEF407,0,0,0,0,0,0,0,0,0,0,0,0,0,0,8,0
REEF408,0,0,0,0,0,0,0,0,0,0,0,0,0,8,0,0
REEF409,0,0,0,0,0,0,0,0,0,0,0,0,8,0,0,0
REEF410,0,0,0,0,0,0,0,0,0,0,0,8,0,0,0,0
REEF411,0,0,0,0,0,0,0,0,0,0,8,0,0,0,0,0
REEF412,0,0,0,0,0,0,0,0,0,8,0,0,0,0,0,0
REEF413,0,0,0,0,0,0,0,0,8,0,0,0,0,0,0,0
REEF414,0,0,0,0,0,0,0,8,0,0,0,0,0,0,0,0
REEF415,0,0,0,0,0,0,8,0,0,0,0,0,0,0,0,0
REEF416,0,0,0,0,0,8,0,0,0,0,0,0,0,0,0,0
REEF417,0,0,0,0,8,0,0,0,0,0,0,0,0,0,0,0
REEF418,0,0,0,8,0,0,0,0,0,0,0,0,0,0,0,0
REEF419,0,0,8,0,0,0,0,0,0,0,0,0,0,0,0,0
REEF420,0,0,0,0,0,0,0,0,0,0,0,0,0,0,0,0
REEF421,0,0,0,0,0,0,0,0,0,0,0,0,0,0,0,8
REEF422,0,0,0,0,0,0,0,0,0,0,0,0,0,0,8,0
REEF423,0,0,0,0,0,0,0,0,0,0,0,0,0,8,0,0
REEF424,0,0,0,0,0,0,0,0,0,0,0,0,8,0,0,0
REEF425,0,0,0,0,0,0,0,0,0,0,0,8,0,0,0,0
REEF426,0,0,0,0,0,0,0,0,0,0,8,0,0,0,0,0
REEF427,0,0,0,0,0,0,0,0,0,8,0,0,0,0,0,0
REEF428,0,0,0,0,0,0,0,0,8,0,0,0,0,0,0,0
REEF429,0,0,0,0,0,0,0,8,0,0,0,0,0,0,0,0
REEF430,0,0,0,0,0,0,8,0,0,0,0,0,0,0,0,0
REEF431,0,0,0,0,0,8,0,0,0,0,0,0,0,0,0,0
REEF432,0,0,0,0,8,0,0,0,0,0,0,0,0,0,0,0
REEF433,0,0,0,8,0,0,0,0,0,0,0,0,0,0,0,0
REEF434,0,0,8,0,0,0,0,0,0,0,0,0,0,0,0,0
REEF435,0,0,0,0,0,0,0,0,0,0,0,0,0,0,0,0
REEF436,0,0,0,0,0,0,0,0,0,0,0,0,0,0,0,8
REEF437,0,0,0,0,0,0,0,0,0,0,0,0,0,0,8,0
REEF438,0,0,0,0,0,0,0,0,0,0,0,0,0,8,0,0
REEF439,0,0,0,0,0,0,0,0,0,0,0,0,8,0,0,0
REEF440,0,0,0,0,0,0,0,0,0,0,0,8,0,0,0,0
REEF441,0,0,0,0,0,0,0,0,0,0,8,0,0,0,0,0
REEF442,0,0,0,0,0,0,0,0,0,8,0,0,0,0,0,0
REEF443,0,0,0,0,0,0,0,0,8,0,0,0,0,0,0,0
REEF444,0,0,0,0,0,0,0,8,0,0,0,0,0,0,0,0
REEF445,0,0,0,0,0,0,8,0,0,0,0,0,0,0,0,0
REEF446,0,0,0,0,0,8,0,0,0,0,0,0,0,0,0,0
REEF447,0,0,0,0,8,0,0,0,0,0,0,0,0,0,0,0
REEF448,0,0,0,8,0,0,0,0,0,0,0,0,0,0,0,0
REEF449,0,0,8,0,0,0,0,0,0,0,0,0,0,0,0,0
REEF450,0,0,0,0,0,0,0,0,0,0,0,0,0,0,0,0
REEF451,0,0,0,0,0,0,0,0,0,0,0,0,0,0,0,8
REEF452,0,0,0,0,0,0,0,0,0,0,0,0,0,0,8,0
REEF453,0,0,0,0,0,0,0,0,0,0,0,0,0,8,0,0
REEF454,0,0,0,0,0,0,0,0,0,0,0,0,8,0,0,0
REEF455,0,0,0,0,0,0,0,0,0,0,0,8,0,0,0,0
REEF456,0,0,0,0,0,0,0,0,0,0,8,0,0,0,0,0
REEF457,0,0,0,0,0,0,0,0,0,8,0,0,0,0,0,0
REEF458,0,0,0,0,0,0,0,0,8,0,0,0,0,0,0,0
REEF459,0,0,0,0,0,0,0,8,0,0,0,0,0,0,0,0
REEF460,0,0,0,0,0,0,8,0,0,0,0,0,0,0,0,0
REEF461,0,0,0,0,0,8,0,0,0,0,0,0,0,0,0,0
REEF462,0,0,0,0,8,0,0,0,0,0,0,0,0,0,0,0
REEF463,0,0,0,8,0,0,0,0,0,0,0,0,0,0,0,0
REEF464,0,0,8,0,0,0,0,0,0,0,0,0,0,0,0,0
REEF465,0,0,0,0,0,0,0,0,0,0,0,0,0,0,0,0
REEF466,0,0,0,0,0,0,0,0,0,0,0,0,0,0,0,8
REEF467,0,0,0,0,0,0,0,0,0,0,0,0,0,0,8,0
REEF468,0,0,0,0,0,0,0,0,0,0,0,0,0,8,0,0
REEF469,0,0,0,0,0,0,0,0,0,0,0,0,8,0,0,0
REEF470,0,0,0,0,0,0,0,0,0,0,0,8,0,0,0,0
REEF471,0,0,0,0,0,0,0,0,0,0,8,0,0,0,0,0
REEF472,0,0,0,0,0,0,0,0,0,8,0,0,0,0,0,0
REEF473,0,0,0,0,0,0,0,0,8,0,0,0,0,0,0,0
REEF474,0,0,0,0,0,0,0,8,0,0,0,0,0,0,0,0
REEF475,0,0,0,0,0,0,8,0,0,0,0,0,0,0,0,0
REEF476,0,0,0,0,0,8,0,0,0,0,0,0,0,0,0,0
REEF477,0,0,0,0,8,0,0,0,0,0,0,0,0,0,0,0
REEF478,0,0,0,8,0,0,0,0,0,0,0,0,0,0,0,0
REEF479,0,0,8,0,0,0,0,0,0,0,0,0,0,0,0,0
REEF480,0,0,0,0,0,0,0,0,0,0,0,0,0,0,0,0
REEF481,0,0,0,0,0,0,0,0,0,0,0,0,0,0,0,8
REEF482,0,0,0,0,0,0,0,0,0,0,0,0,0,0,8,0
REEF483,0,0,0,0,0,0,0,0,0,0,0,0,0,8,0,0
REEF484,0,0,0,0,0,0,0,0,0,0,0,0,8,0,0,0
REEF485,0,0,0,0,0,0,0,0,0,0,0,8,0,0,0,0
REEF486,0,0,0,0,0,0,0,0,0,0,8,0,0,0,0,0
REEF487,0,0,0,0,0,0,0,0,0,8,0,0,0,0,0,0
REEF488,0,0,0,0,0,0,0,0,8,0,0,0,0,0,0,0
REEF489,0,0,0,0,0,0,0,8,0,0,0,0,0,0,0,0
REEF490,0,0,0,0,0,0,8,0,0,0,0,0,0,0,0,0
REEF491,0,0,0,0,0,8,0,0,0,0,0,0,0,0,0,0
REEF492,0,0,0,0,8,0,0,0,0,0,0,0,0,0,0,0
REEF493,0,0,0,8,0,0,0,0,0,0,0,0,0,0,0,0
REEF494,0,0,8,0,0,0,0,0,0,0,0,0,0,0,0,0
REEF495,0,0,0,0,0,0,0,0,0,0,0,0,0,0,0,0
REEF496,0,0,0,0,0,0,0,0,0,0,0,0,0,0,0,8
REEF497,0,0,0,0,0,0,0,0,0,0,0,0,0,0,8,0
REEF498,0,0,0,0,0,0,0,0,0,0,0,0,0,8,0,0
REEF499,0,0,0,0,0,0,0,0,0,0,0,0,8,0,0,0
REEF500,0,0,0,0,0,0,0,0,0,0,0,8,0,0,0,0
REEF501,0,0,0,0,0,0,0,0,0,0,8,0,0,0,0,0
REEF502,0,0,0,0,0,0,0,0,0,8,0,0,0,0,0,0
REEF503,0,0,0,0,0,0,0,0,8,0,0,0,0,0,0,0
REEF504,0,0,0,0,0,0,0,8,0,0,0,0,0,0,0,0
REEF505,0,0,0,0,0,0,8,0,0,0,0,0,0,0,0,0
REEF506,0,0,0,0,0,8,0,0,0,0,0,0,0,0,0,0
REEF507,0,0,0,0,8,0,0,0,0,0,0,0,0,0,0,0
REEF508,0,0,0,8,0,0,0,0,0,0,0,0,0,0,0,0
REEF509,0,0,8,0,0,0,0,0,0,0,0,0,0,0,0,0
REEF510,0,0,0,0,0,0,0,0,0,0,0,0,0,0,0,0
REEF511,0,0,0,0,0,0,0,0,0,0,0,0,0,0,0,8
REEF512,0,0,0,0,0,0,0,0,0,0,0,0,0,0,8,0
REEF513,0,0,0,0,0,0,0,0,0,0,0,0,0,8,0,0
REEF514,0,0,0,0,0,0,0,0,0,0,0,0,8,0,0,0
REEF515,0,0,0,0,0,0,0,0,0,0,0,8,0,0,0,0
REEF516,0,0,0,0,0,0,0,0,0,0,8,0,0,0,0,0
REEF517,0,0,0,0,0,0,0,0,0,8,0,0,0,0,0,0
REEF518,0,0,0,0,0,0,0,0,8,0,0,0,0,0,0,0
REEF519,0,0,0,0,0,0,0,8,0,0,0,0,0,0,0,0
REEF520,0,0,0,0,0,0,8,0,0,0,0,0,0,0,0,0
REEF521,0,0,0,0,0,8,0,0,0,0,0,0,0,0,0,0
REEF522,0,0,0,0,8,0,0,0,0,0,0,0,0,0,0,0
REEF523,0,0,0,8,0,0,0,0,0,0,0,0,0,0,0,0
REEF524,0,0,8,0,0,0,0,0,0,0,0,0,0,0,0,0
REEF525,0,0,0,0,0,0,0,0,0,0,0,0,0,0,0,0
REEF526,0,0,0,0,0,0,0,0,0,0,0,0,0,0,0,8
REEF527,0,0,0,0,0,0,0,0,0,0,0,0,0,0,8,0
REEF528,0,0,0,0,0,0,0,0,0,0,0,0,0,8,0,0
REEF529,0,0,0,0,0,0,0,0,0,0,0,0,8,0,0,0
REEF530,0,0,0,0,0,0,0,0,0,0,0,8,0,0,0,0
REEF531,0,0,0,0,0,0,0,0,0,0,8,0,0,0,0,0
REEF532,0,0,0,0,0,0,0,0,0,8,0,0,0,0,0,0
REEF533,0,0,0,0,0,0,0,0,8,0,0,0,0,0,0,0
REEF534,0,0,0,0,0,0,0,8,0,0,0,0,0,0,0,0
REEF535,0,0,0,0,0,0,8,0,0,0,0,0,0,0,0,0
REEF536,0,0,0,0,0,8,0,0,0,0,0,0,0,0,0,0
REEF537,0,0,0,0,8,0,0,0,0,0,0,0,0,0,0,0
REEF538,0,0,0,8,0,0,0,0,0,0,0,0,0,0,0,0
REEF539,0,0,8,0,0,0,0,0,0,0,0,0,0,0,0,0
REEF540,0,0,0,0,0,0,0,0,0,0,0,0,0,0,0,0
REEF541,0,0,0,0,0,0,0,0,0,0,0,0,0,0,0,8
REEF542,0,0,0,0,0,0,0,0,0,0,0,0,0,0,8,0
REEF543,0,0,0,0,0,0,0,0,0,0,0,0,0,8,0,0
REEF544,0,0,0,0,0,0,0,0,0,0,0,0,8,0,0,0
REEF545,0,0,0,0,0,0,0,0,0,0,0,8,0,0,0,0
REEF546,0,0,0,0,0,0,0,0,0,0,8,0,0,0,0,0
REEF547,0,0,0,0,0,0,0,0,0,8,0,0,0,0,0,0
REEF548,0,0,0,0,0,0,0,0,8,0,0,0,0,0,0,0
REEF549,0,0,0,0,0,0,0,8,0,0,0,0,0,0,0,0
REEF550,0,0,0,0,0,0,8,0,0,0,0,0,0,0,0,0
REEF551,0,0,0,0,0,8,0,0,0,0,0,0,0,0,0,0
REEF552,0,0,0,0,8,0,0,0,0,0,0,0,0,0,0,0
REEF553,0,0,0,8,0,0,0,0,0,0,0,0,0,0,0,0
REEF554,0,0,8,0,0,0,0,0,0,0,0,0,0,0,0,0
REEF555,0,0,0,0,0,0,0,0,0,0,0,0,0,0,0,0
REEF556,0,0,0,0,0,0,0,0,0,0,0,0,0,0,0,8
REEF557,0,0,0,0,0,0,0,0,0,0,0,0,0,0,8,0
REEF558,0,0,0,0,0,0,0,0,0,0,0,0,0,8,0,0
REEF559,0,0,0,0,0,0,0,0,0,0,0,0,8,0,0,0
REEF560,0,0,0,0,0,0,0,0,0,0,0,8,0,0,0,0
REEF561,0,0,0,0,0,0,0,0,0,0,8,0,0,0,0,0
REEF562,0,0,0,0,0,0,0,0,0,8,0,0,0,0,0,0
REEF563,0,0,0,0,0,0,0,0,8,0,0,0,0,0,0,0
REEF564,0,0,0,0,0,0,0,8,0,0,0,0,0,0,0,0
REEF565,0,0,0,0,0,0,8,0,0,0,0,0,0,0,0,0
REEF566,0,0,0,0,0,8,0,0,0,0,0,0,0,0,0,0
REEF567,0,0,0,0,8,0,0,0,0,0,0,0,0,0,0,0
REEF568,0,0,0,8,0,0,0,0,0,0,0,0,0,0,0,0
REEF569,0,0,8,0,0,0,0,0,0,0,0,0,0,0,0,0
REEF570,0,0,0,0,0,0,0,0,0,0,0,0,0,0,0,0
REEF571,0,0,0,0,0,0,0,0,0,0,0,0,0,0,0,8
REEF572,0,0,0,0,0,0,0,0,0,0,0,0,0,0,8,0
REEF573,0,0,0,0,0,0,0,0,0,0,0,0,0,8,0,0
REEF574,0,0,0,0,0,0,0,0,0,0,0,0,8,0,0,0
REEF575,0,0,0,0,0,0,0,0,0,0,0,8,0,0,0,0
REEF576,0,0,0,0,0,0,0,0,0,0,8,0,0,0,0,0
REEF577,0,0,0,0,0,0,0,0,0,8,0,0,0,0,0,0
REEF578,0,0,0,0,0,0,0,0,8,0,0,0,0,0,0,0
REEF579,0,0,0,0,0,0,0,8,0,0,0,0,0,0,0,0
REEF580,0,0,0,0,0,0,8,0,0,0,0,0,0,0,0,0
REEF581,0,0,0,0,0,8,0,0,0,0,0,0,0,0,0,0
REEF582,0,0,0,0,8,0,0,0,0,0,0,0,0,0,0,0
REEF583,0,0,0,8,0,0,0,0,0,0,0,0,0,0,0,0
REEF584,0,0,8,0,0,0,0,0,0,0,0,0,0,0,0,0
REEF585,0,0,0,0,0,0,0,0,0,0,0,0,0,0,0,0
REEF586,0,0,0,0,0,0,0,0,0,0,0,0,0,0,0,8
REEF587,0,0,0,0,0,0,0,0,0,0,0,0,0,0,8,0
REEF588,0,0,0,0,0,0,0,0,0,0,0,0,0,8,0,0
REEF589,0,0,0,0,0,0,0,0,0,0,0,0,8,0,0,0
REEF590,0,0,0,0,0,0,0,0,0,0,0,8,0,0,0,0
REEF591,0,0,0,0,0,0,0,0,0,0,8,0,0,0,0,0
REEF592,0,0,0,0,0,0,0,0,0,8,0,0,0,0,0,0
REEF593,0,0,0,0,0,0,0,0,8,0,0,0,0,0,0,0
REEF594,0,0,0,0,0,0,0,8,0,0,0,0,0,0,0,0
REEF595,0,0,0,0,0,0,8,0,0,0,0,0,0,0,0,0
REEF596,0,0,0,0,0,8,0,0,0,0,0,0,0,0,0,0
REEF597,0,0,0,0,8,0,0,0,0,0,0,0,0,0,0,0
REEF598,0,0,0,8,0,0,0,0,0,0,0,0,0,0,0,0
REEF599,0,0,8,0,0,0,0,0,0,0,0,0,0,0,0,0
REEF600,0,0,0,0,0,0,0,0,0,0,0,0,0,0,0,0
REEF601,0,0,0,0,0,0,0,0,0,0,0,0,0,0,0,8
REEF602,0,0,0,0,0,0,0,0,0,0,0,0,0,0,8,0
REEF603,0,0,0,0,0,0,0,0,0,0,0,0,0,8,0,0
REEF604,0,0,0,0,0,0,0,0,0,0,0,0,8,0,0,0
REEF605,0,0,0,0,0,0,0,0,0,0,0,8,0,0,0,0
REEF606,0,0,0,0,0,0,0,0,0,0,8,0,0,0,0,0
REEF607,0,0,0,0,0,0,0,0,0,8,0,0,0,0,0,0
REEF608,0,0,0,0,0,0,0,0,8,0,0,0,0,0,0,0
REEF609,0,0,0,0,0,0,0,8,0,0,0,0,0,0,0,0
REEF610,0,0,0,0,0,0,8,0,0,0,0,0,0,0,0,0
REEF611,0,0,0,0,0,8,0,0,0,0,0,0,0,0,0,0
REEF612,0,0,0,0,8,0,0,0,0,0,0,0,0,0,0,0
REEF613,0,0,0,8,0,0,0,0,0,0,0,0,0,0,0,0
REEF614,0,0,8,0,0,0,0,0,0,0,0,0,0,0,0,0
REEF615,0,0,0,0,0,0,0,0,0,0,0,0,0,0,0,0
REEF616,0,0,0,0,0,0,0,0,0,0,0,0,0,0,0,8
REEF617,0,0,0,0,0,0,0,0,0,0,0,0,0,0,8,0
REEF618,0,0,0,0,0,0,0,0,0,0,0,0,0,8,0,0
REEF619,0,0,0,0,0,0,0,0,0,0,0,0,8,0,0,0
REEF620,0,0,0,0,0,0,0,0,0,0,0,8,0,0,0,0
REEF621,0,0,0,0,0,0,0,0,0,0,8,0,0,0,0,0
REEF622,0,0,0,0,0,0,0,0,0,8,0,0,0,0,0,0
REEF623,0,0,0,0,0,0,0,0,8,0,0,0,0,0,0,0
REEF624,0,0,0,0,0,0,0,8,0,0,0,0,0,0,0,0
REEF625,0,0,0,0,0,0,8,0,0,0,0,0,0,0,0,0
REEF626,0,0,0,0,0,8,0,0,0,0,0,0,0,0,0,0
REEF627,0,0,0,0,8,0,0,0,0,0,0,0,0,0,0,0
REEF628,0,0,0,8,0,0,0,0,0,0,0,0,0,0,0,0
REEF629,0,0,8,0,0,0,0,0,0,0,0,0,0,0,0,0
REEF630,0,0,0,0,0,0,0,0,0,0,0,0,0,0,0,0
REEF631,0,0,0,0,0,0,0,0,0,0,0,0,0,0,0,8
REEF632,0,0,0,0,0,0,0,0,0,0,0,0,0,0,8,0
REEF633,0,0,0,0,0,0,0,0,0,0,0,0,0,8,0,0
REEF634,0,0,0,0,0,0,0,0,0,0,0,0,8,0,0,0
REEF635,0,0,0,0,0,0,0,0,0,0,0,8,0,0,0,0
REEF636,0,0,0,0,0,0,0,0,0,0,8,0,0,0,0,0
REEF637,0,0,0,0,0,0,0,0,0,8,0,0,0,0,0,0
REEF638,0,0,0,0,0,0,0,0,8,0,0,0,0,0,0,0
REEF639,0,0,0,0,0,0,0,8,0,0,0,0,0,0,0,0
REEF640,0,0,0,0,0,0,8,0,0,0,0,0,0,0,0,0
REEF641,0,0,0,0,0,8,0,0,0,0,0,0,0,0,0,0
REEF642,0,0,0,0,8,0,0,0,0,0,0,0,0,0,0,0
REEF643,0,0,0,8,0,0,0,0,0,0,0,0,0,0,0,0
REEF644,0,0,8,0,0,0,0,0,0,0,0,0,0,0,0,0
REEF645,0,0,0,0,0,0,0,0,0,0,0,0,0,0,0,0
REEF646,0,0,0,0,0,0,0,0,0,0,0,0,0,0,0,8
REEF647,0,0,0,0,0,0,0,0,0,0,0,0,0,0,8,0
REEF648,0,0,0,0,0,0,0,0,0,0,0,0,0,8,0,0
REEF649,0,0,0,0,0,0,0,0,0,0,0,0,8,0,0,0
REEF650,0,0,0,0,0,0,0,0,0,0,0,8,0,0,0,0
REEF651,0,0,0,0,0,0,0,0,0,0,8,0,0,0,0,0
REEF652,0,0,0,0,0,0,0,0,0,8,0,0,0,0,0,0
REEF653,0,0,0,0,0,0,0,0,8,0,0,0,0,0,0,0
REEF654,0,0,0,0,0,0,0,8,0,0,0,0,0,0,0,0
REEF655,0,0,0,0,0,0,8,0,0,0,0,0,0,0,0,0
REEF656,0,0,0,0,0,8,0,0,0,0,0,0,0,0,0,0
REEF657,0,0,0,0,8,0,0,0,0,0,0,0,0,0,0,0
REEF658,0,0,0,8,0,0,0,0,0,0,0,0,0,0,0,0
REEF659,0,0,8,0,0,0,0,0,0,0,0,0,0,0,0,0
REEF660,0,0,0,0,0,0,0,0,0,0,0,0,0,0,0,0
REEF661,0,0,0,0,0,0,0,0,0,0,0,0,0,0,0,8
REEF662,0,0,0,0,0,0,0,0,0,0,0,0,0,0,8,0
REEF663,0,0,0,0,0,0,0,0,0,0,0,0,0,8,0,0
REEF664,0,0,0,0,0,0,0,0,0,0,0,0,8,0,0,0
REEF665,0,0,0,0,0,0,0,0,0,0,0,8,0,0,0,0
REEF666,0,0,0,0,0,0,0,0,0,0,8,0,0,0,0,0
REEF667,0,0,0,0,0,0,0,0,0,8,0,0,0,0,0,0
REEF668,0,0,0,0,0,0,0,0,8,0,0,0,0,0,0,0
REEF669,0,0,0,0,0,0,0,8,0,0,0,0,0,0,0,0
REEF670,0,0,0,0,0,0,8,0,0,0,0,0,0,0,0,0
REEF671,0,0,0,0,0,8,0,0,0,0,0,0,0,0,0,0
REEF672,0,0,0,0,8,0,0,0,0,0,0,0,0,0,0,0
REEF673,0,0,0,8,0,0,0,0,0,0,0,0,0,0,0,0
REEF674,0,0,8,0,0,0,0,0,0,0,0,0,0,0,0,0
REEF675,0,0,0,0,0,0,0,0,0,0,0,0,0,0,0,0
REEF676,0,0,0,0,0,0,0,0,0,0,0,0,0,0,0,8
REEF677,0,0,0,0,0,0,0,0,0,0,0,0,0,0,8,0
REEF678,0,0,0,0,0,0,0,0,0,0,0,0,0,8,0,0
REEF679,0,0,0,0,0,0,0,0,0,0,0,0,8,0,0,0
REEF680,0,0,0,0,0,0,0,0,0,0,0,8,0,0,0,0
REEF681,0,0,0,0,0,0,0,0,0,0,8,0,0,0,0,0
REEF682,0,0,0,0,0,0,0,0,0,8,0,0,0,0,0,0
REEF683,0,0,0,0,0,0,0,0,8,0,0,0,0,0,0,0
REEF684,0,0,0,0,0,0,0,8,0,0,0,0,0,0,0,0
REEF685,0,0,0,0,0,0,8,0,0,0,0,0,0,0,0,0
REEF686,0,0,0,0,0,8,0,0,0,0,0,0,0,0,0,0
REEF687,0,0,0,0,8,0,0,0,0,0,0,0,0,0,0,0
REEF688,0,0,0,8,0,0,0,0,0,0,0,0,0,0,0,0
REEF689,0,0,8,0,0,0,0,0,0,0,0,0,0,0,0,0
REEF690,0,0,0,0,0,0,0,0,0,0,0,0,0,0,0,0
REEF691,0,0,0,0,0,0,0,0,0,0,0,0,0,0,0,8
REEF692,0,0,0,0,0,0,0,0,0,0,0,0,0,0,8,0
REEF693,0,0,0,0,0,0,0,0,0,0,0,0,0,8,0,0
REEF694,0,0,0,0,0,0,0,0,0,0,0,0,8,0,0,0
REEF695,0,0,0,0,0,0,0,0,0,0,0,8,0,0,0,0
REEF696,0,0,0,0,0,0,0,0,0,0,8,0,0,0,0,0
REEF697,0,0,0,0,0,0,0,0,0,8,0,0,0,0,0,0
REEF698,0,0,0,0,0,0,0,0,8,0,0,0,0,0,0,0
REEF699,0,0,0,0,0,0,0,8,0,0,0,0,0,0,0,0
REEF700,0,0,0,0,0,0,8,0,0,0,0,0,0,0,0,0
REEF701,0,0,0,0,0,8,0,0,0,0,0,0,0,0,0,0
REEF702,0,0,0,0,8,0,0,0,0,0,0,0,0,0,0,0
REEF703,0,0,0,8,0,0,0,0,0,0,0,0,0,0,0,0
REEF704,0,0,8,0,0,0,0,0,0,0,0,0,0,0,0,0
REEF705,0,0,0,0,0,0,0,0,0,0,0,0,0,0,0,0
REEF706,0,0,0,0,0,0,0,0,0,0,0,0,0,0,0,8
REEF707,0,0,0,0,0,0,0,0,0,0,0,0,0,0,8,0
REEF708,0,0,0,0,0,0,0,0,0,0,0,0,0,8,0,0
REEF709,0,0,0,0,0,0,0,0,0,0,0,0,8,0,0,0
REEF710,0,0,0,0,0,0,0,0,0,0,0,8,0,0,0,0
REEF711,0,0,0,0,0,0,0,0,0,0,8,0,0,0,0,0
REEF712,0,0,0,0,0,0,0,0,0,8,0,0,0,0,0,0
REEF713,0,0,0,0,0,0,0,0,8,0,0,0,0,0,0,0
REEF714,0,0,0,0,0,0,0,8,0,0,0,0,0,0,0,0
REEF715,0,0,0,0,0,0,8,0,0,0,0,0,0,0,0,0
REEF716,0,0,0,0,0,8,0,0,0,0,0,0,0,0,0,0
REEF717,0,0,0,0,8,0,0,0,0,0,0,0,0,0,0,0
REEF718,0,0,0,8,0,0,0,0,0,0,0,0,0,0,0,0
REEF719,0,0,8,0,0,0,0,0,0,0,0,0,0,0,0,0
REEF720,0,0,0,0,0,0,0,0,0,0,0,0,0,0,0,0
REEF721,0,0,0,0,0,0,0,0,0,0,0,0,0,0,0,8
REEF722,0,0,0,0,0,0,0,0,0,0,0,0,0,0,8,0
REEF723,0,0,0,0,0,0,0,0,0,0,0,0,0,8,0,0
REEF724,0,0,0,0,0,0,0,0,0,0,0,0,8,0,0,0
REEF725,0,0,0,0,0,0,0,0,0,0,0,8,0,0,0,0
REEF726,0,0,0,0,0,0,0,0,0,0,8,0,0,0,0,0
REEF727,0,0,0,0,0,0,0,0,0,8,0,0,0,0,0,0
REEF728,0,0,0,0,0,0,0,0,8,0,0,0,0,0,0,0
REEF729,0,0,0,0,0,0,0,8,0,0,0,0,0,0,0,0
REEF730,0,0,0,0,0,0,8,0,0,0,0,0,0,0,0,0
REEF731,0,0,0,0,0,8,0,0,0,0,0,0,0,0,0,0
REEF732,0,0,0,0,8,0,0,0,0,0,0,0,0,0,0,0
REEF733,0,0,0,8,0,0,0,0,0,0,0,0,0,0,0,0
REEF734,0,0,8,0,0,0,0,0,0,0,0,0,0,0,0,0
REEF735,0,0,0,0,0,0,0,0,0,0,0,0,0,0,0,0
REEF736,0,0,0,0,0,0,0,0,0,0,0,0,0,0,0,8
REEF737,0,0,0,0,0,0,0,0,0,0,0,0,0,0,8,0
REEF738,0,0,0,0,0,0,0,0,0,0,0,0,0,8,0,0
REEF739,0,0,0,0,0,0,0,0,0,0,0,0,8,0,0,0
REEF740,0,0,0,0,0,0,0,0,0,0,0,8,0,0,0,0
REEF741,0,0,0,0,0,0,0,0,0,0,8,0,0,0,0,0
REEF742,0,0,0,0,0,0,0,0,0,8,0,0,0,0,0,0
REEF743,0,0,0,0,0,0,0,0,8,0,0,0,0,0,0,0
REEF744,0,0,0,0,0,0,0,8,0,0,0,0,0,0,0,0
REEF745,0,0,0,0,0,0,8,0,0,0,0,0,0,0,0,0
REEF746,0,0,0,0,0,8,0,0,0,0,0,0,0,0,0,0
REEF747,0,0,0,0,8,0,0,0,0,0,0,0,0,0,0,0
REEF748,0,0,0,8,0,0,0,0,0,0,0,0,0,0,0,0
REEF749,0,0,8,0,0,0,0,0,0,0,0,0,0,0,0,0
REEF750,0,0,0,0,0,0,0,0,0,0,0,0,0,0,0,0
REEF751,0,0,0,0,0,0,0,0,0,0,0,0,0,0,0,8
REEF752,0,0,0,0,0,0,0,0,0,0,0,0,0,0,8,0
REEF753,0,0,0,0,0,0,0,0,0,0,0,0,0,8,0,0
REEF754,0,0,0,0,0,0,0,0,0,0,0,0,8,0,0,0
REEF755,0,0,0,0,0,0,0,0,0,0,0,8,0,0,0,0
REEF756,0,0,0,0,0,0,0,0,0,0,8,0,0,0,0,0
REEF757,0,0,0,0,0,0,0,0,0,8,0,0,0,0,0,0
REEF758,0,0,0,0,0,0,0,0,8,0,0,0,0,0,0,0
REEF759,0,0,0,0,0,0,0,8,0,0,0,0,0,0,0,0
REEF760,0,0,0,0,0,0,8,0,0,0,0,0,0,0,0,0
REEF761,0,0,0,0,0,8,0,0,0,0,0,0,0,0,0,0
REEF762,0,0,0,0,8,0,0,0,0,0,0,0,0,0,0,0
REEF763,0,0,0,8,0,0,0,0,0,0,0,0,0,0,0,0
REEF764,0,0,8,0,0,0,0,0,0,0,0,0,0,0,0,0
REEF765,0,0,0,0,0,0,0,0,0,0,0,0,0,0,0,0
REEF766,0,0,0,0,0,0,0,0,0,0,0,0,0,0,0,8
REEF767,0,0,0,0,0,0,0,0,0,0,0,0,0,0,8,0
REEF768,0,0,0,0,0,0,0,0,0,0,0,0,0,8,0,0
REEF769,0,0,0,0,0,0,0,0,0,0,0,0,8,0,0,0
REEF770,0,0,0,0,0,0,0,0,0,0,0,8,0,0,0,0
REEF771,0,0,0,0,0,0,0,0,0,0,8,0,0,0,0,0
REEF772,0,0,0,0,0,0,0,0,0,8,0,0,0,0,0,0
REEF773,0,0,0,0,0,0,0,0,8,0,0,0,0,0,0,0
REEF774,0,0,0,0,0,0,0,8,0,0,0,0,0,0,0,0
REEF775,0,0,0,0,0,0,8,0,0,0,0,0,0,0,0,0
REEF776,0,0,0,0,0,8,0,0,0,0,0,0,0,0,0,0
REEF777,0,0,0,0,8,0,0,0,0,0,0,0,0,0,0,0
REEF778,0,0,0,8,0,0,0,0,0,0,0,0,0,0,0,0
REEF779,0,0,8,0,0,0,0,0,0,0,0,0,0,0,0,0
REEF780,0,0,0,0,0,0,0,0,0,0,0,0,0,0,0,0
REEF781,0,0,0,0,0,0,0,0,0,0,0,0,0,0,0,8
REEF782,0,0,0,0,0,0,0,0,0,0,0,0,0,0,8,0
REEF783,0,0,0,0,0,0,0,0,0,0,0,0,0,8,0,0
REEF784,0,0,0,0,0,0,0,0,0,0,0,0,8,0,0,0
REEF785,0,0,0,0,0,0,0,0,0,0,0,8,0,0,0,0
REEF786,0,0,0,0,0,0,0,0,0,0,8,0,0,0,0,0
REEF787,0,0,0,0,0,0,0,0,0,8,0,0,0,0,0,0
REEF788,0,0,0,0,0,0,0,0,8,0,0,0,0,0,0,0
REEF789,0,0,0,0,0,0,0,8,0,0,0,0,0,0,0,0
REEF790,0,0,0,0,0,0,8,0,0,0,0,0,0,0,0,0
REEF791,0,0,0,0,0,8,0,0,0,0,0,0,0,0,0,0
REEF792,0,0,0,0,8,0,0,0,0,0,0,0,0,0,0,0
REEF793,0,0,0,8,0,0,0,0,0,0,0,0,0,0,0,0
REEF794,0,0,8,0,0,0,0,0,0,0,0,0,0,0,0,0
REEF795,0,0,0,0,0,0,0,0,0,0,0,0,0,0,0,0
REEF796,0,0,0,0,0,0,0,0,0,0,0,0,0,0,0,8
REEF797,0,0,0,0,0,0,0,0,0,0,0,0,0,0,8,0
REEF798,0,0,0,0,0,0,0,0,0,0,0,0,0,8,0,0
REEF799,0,0,0,0,0,0,0,0,0,0,0,0,8,0,0,0
REEF800,0,0,0,0,0,0,0,0,0,0,0,8,0,0,0,0
REEF801,0,0,0,0,0,0,0,0,0,0,8,0,0,0,0,0
REEF802,0,0,0,0,0,0,0,0,0,8,0,0,0,0,0,0
REEF803,0,0,0,0,0,0,0,0,8,0,0,0,0,0,0,0
REEF804,0,0,0,0,0,0,0,8,0,0,0,0,0,0,0,0
REEF805,0,0,0,0,0,0,8,0,0,0,0,0,0,0,0,0
REEF806,0,0,0,0,0,8,0,0,0,0,0,0,0,0,0,0
REEF807,0,0,0,0,8,0,0,0,0,0,0,0,0,0,0,0
REEF808,0,0,0,8,0,0,0,0,0,0,0,0,0,0,0,0
REEF809,0,0,8,0,0,0,0,0,0,0,0,0,0,0,0,0
REEF810,0,0,0,0,0,0,0,0,0,0,0,0,0,0,0,0
REEF811,0,0,0,0,0,0,0,0,0,0,0,0,0,0,0,8
REEF812,0,0,0,0,0,0,0,0,0,0,0,0,0,0,8,0
REEF813,0,0,0,0,0,0,0,0,0,0,0,0,0,8,0,0
REEF814,0,0,0,0,0,0,0,0,0,0,0,0,8,0,0,0
REEF815,0,0,0,0,0,0,0,0,0,0,0,8,0,0,0,0
REEF816,0,0,0,0,0,0,0,0,0,0,8,0,0,0,0,0
REEF817,0,0,0,0,0,0,0,0,0,8,0,0,0,0,0,0
REEF818,0,0,0,0,0,0,0,0,8,0,0,0,0,0,0,0
REEF819,0,0,0,0,0,0,0,8,0,0,0,0,0,0,0,0
REEF820,0,0,0,0,0,0,8,0,0,0,0,0,0,0,0,0
REEF821,0,0,0,0,0,8,0,0,0,0,0,0,0,0,0,0
REEF822,0,0,0,0,8,0,0,0,0,0,0,0,0,0,0,0
REEF823,0,0,0,8,0,0,0,0,0,0,0,0,0,0,0,0
REEF824,0,0,8,0,0,0,0,0,0,0,0,0,0,0,0,0
REEF825,0,0,0,0,0,0,0,0,0,0,0,0,0,0,0,0
REEF826,0,0,0,0,0,0,0,0,0,0,0,0,0,0,0,8
REEF827,0,0,0,0,0,0,0,0,0,0,0,0,0,0,8,0
REEF828,0,0,0,0,0,0,0,0,0,0,0,0,0,8,0,0
REEF829,0,0,0,0,0,0,0,0,0,0,0,0,8,0,0,0
REEF830,0,0,0,0,0,0,0,0,0,0,0,8,0,0,0,0
REEF831,0,0,0,0,0,0,0,0,0,0,8,0,0,0,0,0
REEF832,0,0,0,0,0,0,0,0,0,8,0,0,0,0,0,0
REEF833,0,0,0,0,0,0,0,0,8,0,0,0,0,0,0,0
REEF834,0,0,0,0,0,0,0,8,0,0,0,0,0,0,0,0
REEF835,0,0,0,0,0,0,8,0,0,0,0,0,0,0,0,0
REEF836,0,0,0,0,0,8,0,0,0,0,0,0,0,0,0,0
REEF837,0,0,0,0,8,0,0,0,0,0,0,0,0,0,0,0
REEF838,0,0,0,8,0,0,0,0,0,0,0,0,0,0,0,0
REEF839,0,0,8,0,0,0,0,0,0,0,0,0,0,0,0,0
REEF840,0,0,0,0,0,0,0,0,0,0,0,0,0,0,0,0
REEF841,0,0,0,0,0,0,0,0,0,0,0,0,0,0,0,8
REEF842,0,0,0,0,0,0,0,0,0,0,0,0,0,0,8,0
REEF843,0,0,0,0,0,0,0,0,0,0,0,0,0,8,0,0
REEF844,0,0,0,0,0,0,0,0,0,0,0,0,8,0,0,0
REEF845,0,0,0,0,0,0,0,0,0,0,0,8,0,0,0,0
REEF846,0,0,0,0,0,0,0,0,0,0,8,0,0,0,0,0
REEF847,0,0,0,0,0,0,0,0,0,8,0,0,0,0,0,0
REEF848,0,0,0,0,0,0,0,0,8,0,0,0,0,0,0,0
REEF849,0,0,0,0,0,0,0,8,0,0,0,0,0,0,0,0
REEF850,0,0,0,0,0,0,8,0,0,0,0,0,0,0,0,0
REEF851,0,0,0,0,0,8,0,0,0,0,0,0,0,0,0,0
REEF852,0,0,0,0,8,0,0,0,0,0,0,0,0,0,0,0
REEF853,0,0,0,8,0,0,0,0,0,0,0,0,0,0,0,0
REEF854,0,0,8,0,0,0,0,0,0,0,0,0,0,0,0,0
REEF855,0,0,0,0,0,0,0,0,0,0,0,0,0,0,0,0
REEF856,0,0,0,0,0,0,0,0,0,0,0,0,0,0,0,8
REEF857,0,0,0,0,0,0,0,0,0,0,0,0,0,0,8,0
REEF858,0,0,0,0,0,0,0,0,0,0,0,0,0,8,0,0
REEF859,0,0,0,0,0,0,0,0,0,0,0,0,8,0,0,0
REEF860,0,0,0,0,0,0,0,0,0,0,0,8,0,0,0,0
REEF861,0,0,0,0,0,0,0,0,0,0,8,0,0,0,0,0
REEF862,0,0,0,0,0,0,0,0,0,8,0,0,0,0,0,0
REEF863,0,0,0,0,0,0,0,0,8,0,0,0,0,0,0,0
REEF864,0,0,0,0,0,0,0,8,0,0,0,0,0,0,0,0
REEF865,0,0,0,0,0,0,8,0,0,0,0,0,0,0,0,0
REEF866,0,0,0,0,0,8,0,0,0,0,0,0,0,0,0,0
REEF867,0,0,0,0,8,0,0,0,0,0,0,0,0,0,0,0
REEF868,0,0,0,8,0,0,0,0,0,0,0,0,0,0,0,0
REEF869,0,0,8,0,0,0,0,0,0,0,0,0,0,0,0,0
REEF870,0,0,0,0,0,0,0,0,0,0,0,0,0,0,0,0
REEF871,0,0,0,0,0,0,0,0,0,0,0,0,0,0,0,8
REEF872,0,0,0,0,0,0,0,0,0,0,0,0,0,0,8,0
REEF873,0,0,0,0,0,0,0,0,0,0,0,0,0,8,0,0
REEF874,0,0,0,0,0,0,0,0,0,0,0,0,8,0,0,0
REEF875,0,0,0,0,0,0,0,0,0,0,0,8,0,0,0,0
REEF876,0,0,0,0,0,0,0,0,0,0,8,0,0,0,0,0
REEF877,0,0,0,0,0,0,0,0,0,8,0,0,0,0,0,0
REEF878,0,0,0,0,0,0,0,0,8,0,0,0,0,0,0,0
REEF879,0,0,0,0,0,0,0,8,0,0,0,0,0,0,0,0
REEF880,0,0,0,0,0,0,8,0,0,0,0,0,0,0,0,0
REEF881,0,0,0,0,0,8,0,0,0,0,0,0,0,0,0,0
REEF882,0,0,0,0,8,0,0,0,0,0,0,0,0,0,0,0
REEF883,0,0,0,8,0,0,0,0,0,0,0,0,0,0,0,0
REEF884,0,0,8,0,0,0,0,0,0,0,0,0,0,0,0,0
REEF885,0,0,0,0,0,0,0,0,0,0,0,0,0,0,0,0
REEF886,0,0,0,0,0,0,0,0,0,0,0,0,0,0,0,8
REEF887,0,0,0,0,0,0,0,0,0,0,0,0,0,0,8,0
REEF888,0,0,0,0,0,0,0,0,0,0,0,0,0,8,0,0
REEF889,0,0,0,0,0,0,0,0,0,0,0,0,8,0,0,0
REEF890,0,0,0,0,0,0,0,0,0,0,0,8,0,0,0,0
REEF891,0,0,0,0,0,0,0,0,0,0,8,0,0,0,0,0
REEF892,0,0,0,0,0,0,0,0,0,8,0,0,0,0,0,0
REEF893,0,0,0,0,0,0,0,0,8,0,0,0,0,0,0,0
REEF894,0,0,0,0,0,0,0,8,0,0,0,0,0,0,0,0
REEF895,0,0,0,0,0,0,8,0,0,0,0,0,0,0,0,0
REEF896,0,0,0,0,0,8,0,0,0,0,0,0,0,0,0,0
REEF897,0,0,0,0,8,0,0,0,0,0,0,0,0,0,0,0
REEF898,0,0,0,8,0,0,0,0,0,0,0,0,0,0,0,0
REEF899,0,0,8,0,0,0,0,0,0,0,0,0,0,0,0,0
REEF900,0,0,0,0,0,0,0,0,0,0,0,0,0,0,0,0
REEF901,0,0,0,0,0,0,0,0,0,0,0,0,0,0,0,8
REEF902,0,0,0,0,0,0,0,0,0,0,0,0,0,0,8,0
REEF903,0,0,0,0,0,0,0,0,0,0,0,0,0,8,0,0
REEF904,0,0,0,0,0,0,0,0,0,0,0,0,8,0,0,0
REEF905,0,0,0,0,0,0,0,0,0,0,0,8,0,0,0,0
REEF906,0,0,0,0,0,0,0,0,0,0,8,0,0,0,0,0
REEF907,0,0,0,0,0,0,0,0,0,8,0,0,0,0,0,0
REEF908,0,0,0,0,0,0,0,0,8,0,0,0,0,0,0,0
REEF909,0,0,0,0,0,0,0,8,0,0,0,0,0,0,0,0
REEF910,0,0,0,0,0,0,8,0,0,0,0,0,0,0,0,0
REEF911,0,0,0,0,0,8,0,0,0,0,0,0,0,0,0,0
REEF912,0,0,0,0,8,0,0,0,0,0,0,0,0,0,0,0
REEF913,0,0,0,8,0,0,0,0,0,0,0,0,0,0,0,0
REEF914,0,0,8,0,0,0,0,0,0,0,0,0,0,0,0,0
REEF915,0,0,0,0,0,0,0,0,0,0,0,0,0,0,0,0
REEF916,0,0,0,0,0,0,0,0,0,0,0,0,0,0,0,8
REEF917,0,0,0,0,0,0,0,0,0,0,0,0,0,0,8,0
REEF918,0,0,0,0,0,0,0,0,0,0,0,0,0,8,0,0
REEF919,0,0,0,0,0,0,0,0,0,0,0,0,8,0,0,0
REEF920,0,0,0,0,0,0,0,0,0,0,0,8,0,0,0,0
REEF921,0,0,0,0,0,0,0,0,0,0,8,0,0,0,0,0
REEF922,0,0,0,0,0,0,0,0,0,8,0,0,0,0,0,0
REEF923,0,0,0,0,0,0,0,0,8,0,0,0,0,0,0,0
REEF924,0,0,0,0,0,0,0,8,0,0,0,0,0,0,0,0
REEF925,0,0,0,0,0,0,8,0,0,0,0,0,0,0,0,0
REEF926,0,0,0,0,0,8,0,0,0,0,0,0,0,0,0,0
REEF927,0,0,0,0,8,0,0,0,0,0,0,0,0,0,0,0
REEF928,0,0,0,8,0,0,0,0,0,0,0,0,0,0,0,0
REEF929,0,0,8,0,0,0,0,0,0,0,0,0,0,0,0,0
REEF930,0,0,0,0,0,0,0,0,0,0,0,0,0,0,0,0
REEF931,0,0,0,0,0,0,0,0,0,0,0,0,0,0,0,8
REEF932,0,0,0,0,0,0,0,0,0,0,0,0,0,0,8,0
REEF933,0,0,0,0,0,0,0,0,0,0,0,0,0,8,0,0
REEF934,0,0,0,0,0,0,0,0,0,0,0,0,8,0,0,0
REEF935,0,0,0,0,0,0,0,0,0,0,0,8,0,0,0,0
REEF936,0,0,0,0,0,0,0,0,0,0,8,0,0,0,0,0
REEF937,0,0,0,0,0,0,0,0,0,8,0,0,0,0,0,0
REEF938,0,0,0,0,0,0,0,0,8,0,0,0,0,0,0,0
REEF939,0,0,0,0,0,0,0,8,0,0,0,0,0,0,0,0
REEF940,0,0,0,0,0,0,8,0,0,0,0,0,0,0,0,0
REEF941,0,0,0,0,0,8,0,0,0,0,0,0,0,0,0,0
REEF942,0,0,0,0,8,0,0,0,0,0,0,0,0,0,0,0
REEF943,0,0,0,8,0,0,0,0,0,0,0,0,0,0,0,0
REEF944,0,0,8,0,0,0,0,0,0,0,0,0,0,0,0,0
REEF945,0,0,0,0,0,0,0,0,0,0,0,0,0,0,0,0
REEF946,0,0,0,0,0,0,0,0,0,0,0,0,0,0,0,8
REEF947,0,0,0,0,0,0,0,0,0,0,0,0,0,0,8,0
REEF948,0,0,0,0,0,0,0,0,0,0,0,0,0,8,0,0
REEF949,0,0,0,0,0,0,0,0,0,0,0,0,8,0,0,0
REEF950,0,0,0,0,0,0,0,0,0,0,0,8,0,0,0,0
REEF951,0,0,0,0,0,0,0,0,0,0,8,0,0,0,0,0
REEF952,0,0,0,0,0,0,0,0,0,8,0,0,0,0,0,0
REEF953,0,0,0,0,0,0,0,0,8,0,0,0,0,0,0,0
REEF954,0,0,0,0,0,0,0,8,0,0,0,0,0,0,0,0
REEF955,0,0,0,0,0,0,8,0,0,0,0,0,0,0,0,0
REEF956,0,0,0,0,0,8,0,0,0,0,0,0,0,0,0,0
REEF957,0,0,0,0,8,0,0,0,0,0,0,0,0,0,0,0
REEF958,0,0,0,8,0,0,0,0,0,0,0,0,0,0,0,0
REEF959,0,0,8,0,0,0,0,0,0,0,0,0,0,0,0,0
REEF960,0,0,0,0,0,0,0,0,0,0,0,0,0,0,0,0
REEF961,0,0,0,0,0,0,0,0,0,0,0,0,0,0,0,8
REEF962,0,0,0,0,0,0,0,0,0,0,0,0,0,0,8,0
REEF963,0,0,0,0,0,0,0,0,0,0,0,0,0,8,0,0
REEF964,0,0,0,0,0,0,0,0,0,0,0,0,8,0,0,0
REEF965,0,0,0,0,0,0,0,0,0,0,0,8,0,0,0,0
REEF966,0,0,0,0,0,0,0,0,0,0,8,0,0,0,0,0
REEF967,0,0,0,0,0,0,0,0,0,8,0,0,0,0,0,0
REEF968,0,0,0,0,0,0,0,0,8,0,0,0,0,0,0,0
REEF969,0,0,0,0,0,0,0,8,0,0,0,0,0,0,0,0
REEF970,0,0,0,0,0,0,8,0,0,0,0,0,0,0,0,0
REEF971,0,0,0,0,0,8,0,0,0,0,0,0,0,0,0,0
REEF972,0,0,0,0,8,0,0,0,0,0,0,0,0,0,0,0
REEF973,0,0,0,8,0,0,0,0,0,0,0,0,0,0,0,0
REEF974,0,0,8,0,0,0,0,0,0,0,0,0,0,0,0,0
REEF975,0,0,0,0,0,0,0,0,0,0,0,0,0,0,0,0
REEF976,0,0,0,0,0,0,0,0,0,0,0,0,0,0,0,8
REEF977,0,0,0,0,0,0,0,0,0,0,0,0,0,0,8,0
REEF978,0,0,0,0,0,0,0,0,0,0,0,0,0,8,0,0
REEF979,0,0,0,0,0,0,0,0,0,0,0,0,8,0,0,0
REEF980,0,0,0,0,0,0,0,0,0,0,0,8,0,0,0,0
REEF981,0,0,0,0,0,0,0,0,0,0,8,0,0,0,0,0
REEF982,0,0,0,0,0,0,0,0,0,8,0,0,0,0,0,0
REEF983,0,0,0,0,0,0,0,0,8,0,0,0,0,0,0,0
REEF984,0,0,0,0,0,0,0,8,0,0,0,0,0,0,0,0
REEF985,0,0,0,0,0,0,8,0,0,0,0,0,0,0,0,0
REEF986,0,0,0,0,0,8,0,0,0,0,0,0,0,0,0,0
REEF987,0,0,0,0,8,0,0,0,0,0,0,0,0,0,0,0
REEF988,0,0,0,8,0,0,0,0,0,0,0,0,0,0,0,0
REEF989,0,0,8,0,0,0,0,0,0,0,0,0,0,0,0,0
REEF990,0,0,0,0,0,0,0,0,0,0,0,0,0,0,0,0
REEF991,0,0,0,0,0,0,0,0,0,0,0,0,0,0,0,8
REEF992,0,0,0,0,0,0,0,0,0,0,0,0,0,0,8,0
REEF993,0,0,0,0,0,0,0,0,0,0,0,0,0,8,0,0
REEF994,0,0,0,0,0,0,0,0,0,0,0,0,8,0,0,0
REEF995,0,0,0,0,0,0,0,0,0,0,0,8,0,0,0,0
REEF996,0,0,0,0,0,0,0,0,0,0,8,0,0,0,0,0
REEF997,0,0,0,0,0,0,0,0,0,8,0,0,0,0,0,0
REEF998,0,0,0,0,0,0,0,0,8,0,0,0,0,0,0,0
REEF999,0,0,0,0,0,0,0,8,0,0,0,0,0,0,0,0
REEF1000,0,0,0,0,0,0,8,0,0,0,0,0,0,0,0,0
REEF1001,0,0,0,0,0,8,0,0,0,0,0,0,0,0,0,0
REEF1002,0,0,0,0,8,0,0,0,0,0,0,0,0,0,0,0
REEF1003,0,0,0,8,0,0,0,0,0,0,0,0,0,0,0,0
REEF1004,0,0,8,0,0,0,0,0,0,0,0,0,0,0,0,0
REEF1005,0,0,0,0,0,0,0,0,0,0,0,0,0,0,0,0
REEF1006,0,0,0,0,0,0,0,0,0,0,0,0,0,0,0,8
REEF1007,0,0,0,0,0,0,0,0,0,0,0,0,0,0,8,0
REEF1008,0,0,0,0,0,0,0,0,0,0,0,0,0,8,0,0
REEF1009,0,0,0,0,0,0,0,0,0,0,0,0,8,0,0,0
REEF1010,0,0,0,0,0,0,0,0,0,0,0,8,0,0,0,0
REEF1011,0,0,0,0,0,0,0,0,0,0,8,0,0,0,0,0
REEF1012,0,0,0,0,0,0,0,0,0,8,0,0,0,0,0,0
REEF1013,0,0,0,0,0,0,0,0,8,0,0,0,0,0,0,0
REEF1014,0,0,0,0,0,0,0,8,0,0,0,0,0,0,0,0
REEF1015,0,0,0,0,0,0,8,0,0,0,0,0,0,0,0,0
REEF1016,0,0,0,0,0,8,0,0,0,0,0,0,0,0,0,0
REEF1017,0,0,0,0,8,0,0,0,0,0,0,0,0,0,0,0
REEF1018,0,0,0,8,0,0,0,0,0,0,0,0,0,0,0,0
REEF1019,0,0,8,0,0,0,0,0,0,0,0,0,0,0,0,0
REEF1020,0,0,0,0,0,0,0,0,0,0,0,0,0,0,0,0
REEF1021,0,0,0,0,0,0,0,0,0,0,0,0,0,0,0,8
REEF1022,0,0,0,0,0,0,0,0,0,0,0,0,0,0,8,0
REEF1023,0,0,0,0,0,0,0,0,0,0,0,0,0,8,0,0
REEF1024,0,0,0,0,0,0,0,0,0,0,0,0,8,0,0,0
REEF1025,0,0,0,0,0,0,0,0,0,0,0,8,0,0,0,0
REEF1026,0,0,0,0,0,0,0,0,0,0,8,0,0,0,0,0
REEF1027,0,0,0,0,0,0,0,0,0,8,0,0,0,0,0,0
REEF1028,0,0,0,0,0,0,0,0,8,0,0,0,0,0,0,0
REEF1029,0,0,0,0,0,0,0,8,0,0,0,0,0,0,0,0
REEF1030,0,0,0,0,0,0,8,0,0,0,0,0,0,0,0,0
REEF1031,0,0,0,0,0,8,0,0,0,0,0,0,0,0,0,0
REEF1032,0,0,0,0,8,0,0,0,0,0,0,0,0,0,0,0
REEF1033,0,0,0,8,0,0,0,0,0,0,0,0,0,0,0,0
REEF1034,0,0,8,0,0,0,0,0,0,0,0,0,0,0,0,0
REEF1035,0,0,0,0,0,0,0,0,0,0,0,0,0,0,0,0
REEF1036,0,0,0,0,0,0,0,0,0,0,0,0,0,0,0,8
REEF1037,0,0,0,0,0,0,0,0,0,0,0,0,0,0,8,0
REEF1038,0,0,0,0,0,0,0,0,0,0,0,0,0,8,0,0
REEF1039,0,0,0,0,0,0,0,0,0,0,0,0,8,0,0,0
REEF1040,0,0,0,0,0,0,0,0,0,0,0,8,0,0,0,0
REEF1041,0,0,0,0,0,0,0,0,0,0,8,0,0,0,0,0
REEF1042,0,0,0,0,0,0,0,0,0,8,0,0,0,0,0,0
REEF1043,0,0,0,0,0,0,0,0,8,0,0,0,0,0,0,0
REEF1044,0,0,0,0,0,0,0,8,0,0,0,0,0,0,0,0
REEF1045,0,0,0,0,0,0,8,0,0,0,0,0,0,0,0,0
REEF1046,0,0,0,0,0,8,0,0,0,0,0,0,0,0,0,0
REEF1047,0,0,0,0,8,0,0,0,0,0,0,0,0,0,0,0
REEF1048,0,0,0,8,0,0,0,0,0,0,0,0,0,0,0,0
REEF1049,0,0,8,0,0,0,0,0,0,0,0,0,0,0,0,0
REEF1050,0,0,0,0,0,0,0,0,0,0,0,0,0,0,0,0
REEF1051,0,0,0,0,0,0,0,0,0,0,0,0,0,0,0,8
REEF1052,0,0,0,0,0,0,0,0,0,0,0,0,0,0,8,0
REEF1053,0,0,0,0,0,0,0,0,0,0,0,0,0,8,0,0
REEF1054,0,0,0,0,0,0,0,0,0,0,0,0,8,0,0,0
REEF1055,0,0,0,0,0,0,0,0,0,0,0,8,0,0,0,0
REEF1056,0,0,0,0,0,0,0,0,0,0,8,0,0,0,0,0
REEF1057,0,0,0,0,0,0,0,0,0,8,0,0,0,0,0,0
REEF1058,0,0,0,0,0,0,0,0,8,0,0,0,0,0,0,0
REEF1059,0,0,0,0,0,0,0,8,0,0,0,0,0,0,0,0
REEF1060,0,0,0,0,0,0,8,0,0,0,0,0,0,0,0,0
REEF1061,0,0,0,0,0,8,0,0,0,0,0,0,0,0,0,0
REEF1062,0,0,0,0,8,0,0,0,0,0,0,0,0,0,0,0
REEF1063,0,0,0,8,0,0,0,0,0,0,0,0,0,0,0,0
REEF1064,0,0,8,0,0,0,0,0,0,0,0,0,0,0,0,0
REEF1065,0,0,0,0,0,0,0,0,0,0,0,0,0,0,0,0
REEF1066,0,0,0,0,0,0,0,0,0,0,0,0,0,0,0,8
REEF1067,0,0,0,0,0,0,0,0,0,0,0,0,0,0,8,0
REEF1068,0,0,0,0,0,0,0,0,0,0,0,0,0,8,0,0
REEF1069,0,0,0,0,0,0,0,0,0,0,0,0,8,0,0,0
REEF1070,0,0,0,0,0,0,0,0,0,0,0,8,0,0,0,0
REEF1071,0,0,0,0,0,0,0,0,0,0,8,0,0,0,0,0
REEF1072,0,0,0,0,0,0,0,0,0,8,0,0,0,0,0,0
REEF1073,0,0,0,0,0,0,0,0,8,0,0,0,0,0,0,0
REEF1074,0,0,0,0,0,0,0,8,0,0,0,0,0,0,0,0
REEF1075,0,0,0,0,0,0,8,0,0,0,0,0,0,0,0,0
REEF1076,0,0,0,0,0,8,0,0,0,0,0,0,0,0,0,0
REEF1077,0,0,0,0,8,0,0,0,0,0,0,0,0,0,0,0
REEF1078,0,0,0,8,0,0,0,0,0,0,0,0,0,0,0,0
REEF1079,0,0,8,0,0,0,0,0,0,0,0,0,0,0,0,0
REEF1080,0,0,0,0,0,0,0,0,0,0,0,0,0,0,0,0
REEF1081,0,0,0,0,0,0,0,0,0,0,0,0,0,0,0,8
REEF1082,0,0,0,0,0,0,0,0,0,0,0,0,0,0,8,0
REEF1083,0,0,0,0,0,0,0,0,0,0,0,0,0,8,0,0
REEF1084,0,0,0,0,0,0,0,0,0,0,0,0,8,0,0,0
REEF1085,0,0,0,0,0,0,0,0,0,0,0,8,0,0,0,0
REEF1086,0,0,0,0,0,0,0,0,0,0,8,0,0,0,0,0
REEF1087,0,0,0,0,0,0,0,0,0,8,0,0,0,0,0,0
REEF1088,0,0,0,0,0,0,0,0,8,0,0,0,0,0,0,0
REEF1089,0,0,0,0,0,0,0,8,0,0,0,0,0,0,0,0
REEF1090,0,0,0,0,0,0,8,0,0,0,0,0,0,0,0,0
REEF1091,0,0,0,0,0,8,0,0,0,0,0,0,0,0,0,0
REEF1092,0,0,0,0,8,0,0,0,0,0,0,0,0,0,0,0
REEF1093,0,0,0,8,0,0,0,0,0,0,0,0,0,0,0,0
REEF1094,0,0,8,0,0,0,0,0,0,0,0,0,0,0,0,0
REEF1095,0,0,0,0,0,0,0,0,0,0,0,0,0,0,0,0
REEF1096,0,0,0,0,0,0,0,0,0,0,0,0,0,0,0,8
REEF1097,0,0,0,0,0,0,0,0,0,0,0,0,0,0,8,0
REEF1098,0,0,0,0,0,0,0,0,0,0,0,0,0,8,0,0
REEF1099,0,0,0,0,0,0,0,0,0,0,0,0,8,0,0,0
REEF1100,0,0,0,0,0,0,0,0,0,0,0,8,0,0,0,0
REEF1101,0,0,0,0,0,0,0,0,0,0,8,0,0,0,0,0
REEF1102,0,0,0,0,0,0,0,0,0,8,0,0,0,0,0,0
REEF1103,0,0,0,0,0,0,0,0,8,0,0,0,0,0,0,0
REEF1104,0,0,0,0,0,0,0,8,0,0,0,0,0,0,0,0
REEF1105,0,0,0,0,0,0,8,0,0,0,0,0,0,0,0,0
REEF1106,0,0,0,0,0,8,0,0,0,0,0,0,0,0,0,0
REEF1107,0,0,0,0,8,0,0,0,0,0,0,0,0,0,0,0
REEF1108,0,0,0,8,0,0,0,0,0,0,0,0,0,0,0,0
REEF1109,0,0,8,0,0,0,0,0,0,0,0,0,0,0,0,0
REEF1110,0,0,0,0,0,0,0,0,0,0,0,0,0,0,0,0
REEF1111,0,0,0,0,0,0,0,0,0,0,0,0,0,0,0,8
REEF1112,0,0,0,0,0,0,0,0,0,0,0,0,0,0,8,0
REEF1113,0,0,0,0,0,0,0,0,0,0,0,0,0,8,0,0
REEF1114,0,0,0,0,0,0,0,0,0,0,0,0,8,0,0,0
REEF1115,0,0,0,0,0,0,0,0,0,0,0,8,0,0,0,0
REEF1116,0,0,0,0,0,0,0,0,0,0,8,0,0,0,0,0
REEF1117,0,0,0,0,0,0,0,0,0,8,0,0,0,0,0,0
REEF1118,0,0,0,0,0,0,0,0,8,0,0,0,0,0,0,0
REEF1119,0,0,0,0,0,0,0,8,0,0,0,0,0,0,0,0
REEF1120,0,0,0,0,0,0,8,0,0,0,0,0,0,0,0,0
REEF1121,0,0,0,0,0,8,0,0,0,0,0,0,0,0,0,0
REEF1122,0,0,0,0,8,0,0,0,0,0,0,0,0,0,0,0
REEF1123,0,0,0,8,0,0,0,0,0,0,0,0,0,0,0,0
REEF1124,0,0,8,0,0,0,0,0,0,0,0,0,0,0,0,0
REEF1125,0,0,0,0,0,0,0,0,0,0,0,0,0,0,0,0
REEF1126,0,0,0,0,0,0,0,0,0,0,0,0,0,0,0,8
REEF1127,0,0,0,0,0,0,0,0,0,0,0,0,0,0,8,0
REEF1128,0,0,0,0,0,0,0,0,0,0,0,0,0,8,0,0
REEF1129,0,0,0,0,0,0,0,0,0,0,0,0,8,0,0,0
REEF1130,0,0,0,0,0,0,0,0,0,0,0,8,0,0,0,0
REEF1131,0,0,0,0,0,0,0,0,0,0,8,0,0,0,0,0
REEF1132,0,0,0,0,0,0,0,0,0,8,0,0,0,0,0,0
REEF1133,0,0,0,0,0,0,0,0,8,0,0,0,0,0,0,0
REEF1134,0,0,0,0,0,0,0,8,0,0,0,0,0,0,0,0
REEF1135,0,0,0,0,0,0,8,0,0,0,0,0,0,0,0,0
REEF1136,0,0,0,0,0,8,0,0,0,0,0,0,0,0,0,0
REEF1137,0,0,0,0,8,0,0,0,0,0,0,0,0,0,0,0
REEF1138,0,0,0,8,0,0,0,0,0,0,0,0,0,0,0,0
REEF1139,0,0,8,0,0,0,0,0,0,0,0,0,0,0,0,0
REEF1140,0,0,0,0,0,0,0,0,0,0,0,0,0,0,0,0
REEF1141,0,0,0,0,0,0,0,0,0,0,0,0,0,0,0,8
REEF1142,0,0,0,0,0,0,0,0,0,0,0,0,0,0,8,0
REEF1143,0,0,0,0,0,0,0,0,0,0,0,0,0,8,0,0
REEF1144,0,0,0,0,0,0,0,0,0,0,0,0,8,0,0,0
REEF1145,0,0,0,0,0,0,0,0,0,0,0,8,0,0,0,0
REEF1146,0,0,0,0,0,0,0,0,0,0,8,0,0,0,0,0
REEF1147,0,0,0,0,0,0,0,0,0,8,0,0,0,0,0,0
REEF1148,0,0,0,0,0,0,0,0,8,0,0,0,0,0,0,0
REEF1149,0,0,0,0,0,0,0,8,0,0,0,0,0,0,0,0
REEF1150,0,0,0,0,0,0,8,0,0,0,0,0,0,0,0,0
REEF1151,0,0,0,0,0,8,0,0,0,0,0,0,0,0,0,0
REEF1152,0,0,0,0,8,0,0,0,0,0,0,0,0,0,0,0
REEF1153,0,0,0,8,0,0,0,0,0,0,0,0,0,0,0,0
REEF1154,0,0,8,0,0,0,0,0,0,0,0,0,0,0,0,0
REEF1155,0,0,0,0,0,0,0,0,0,0,0,0,0,0,0,0
REEF1156,0,0,0,0,0,0,0,0,0,0,0,0,0,0,0,8
REEF1157,0,0,0,0,0,0,0,0,0,0,0,0,0,0,8,0
REEF1158,0,0,0,0,0,0,0,0,0,0,0,0,0,8,0,0
REEF1159,0,0,0,0,0,0,0,0,0,0,0,0,8,0,0,0
REEF1160,0,0,0,0,0,0,0,0,0,0,0,8,0,0,0,0
REEF1161,0,0,0,0,0,0,0,0,0,0,8,0,0,0,0,0
REEF1162,0,0,0,0,0,0,0,0,0,8,0,0,0,0,0,0
REEF1163,0,0,0,0,0,0,0,0,8,0,0,0,0,0,0,0
REEF1164,0,0,0,0,0,0,0,8,0,0,0,0,0,0,0,0
REEF1165,0,0,0,0,0,0,8,0,0,0,0,0,0,0,0,0
REEF1166,0,0,0,0,0,8,0,0,0,0,0,0,0,0,0,0
REEF1167,0,0,0,0,8,0,0,0,0,0,0,0,0,0,0,0
REEF1168,0,0,0,8,0,0,0,0,0,0,0,0,0,0,0,0
REEF1169,0,0,8,0,0,0,0,0,0,0,0,0,0,0,0,0
REEF1170,0,0,0,0,0,0,0,0,0,0,0,0,0,0,0,0
REEF1171,0,0,0,0,0,0,0,0,0,0,0,0,0,0,0,8
REEF1172,0,0,0,0,0,0,0,0,0,0,0,0,0,0,8,0
REEF1173,0,0,0,0,0,0,0,0,0,0,0,0,0,8,0,0
REEF1174,0,0,0,0,0,0,0,0,0,0,0,0,8,0,0,0
REEF1175,0,0,0,0,0,0,0,0,0,0,0,8,0,0,0,0
REEF1176,0,0,0,0,0,0,0,0,0,0,8,0,0,0,0,0
REEF1177,0,0,0,0,0,0,0,0,0,8,0,0,0,0,0,0
REEF1178,0,0,0,0,0,0,0,0,8,0,0,0,0,0,0,0
REEF1179,0,0,0,0,0,0,0,8,0,0,0,0,0,0,0,0
REEF1180,0,0,0,0,0,0,8,0,0,0,0,0,0,0,0,0
REEF1181,0,0,0,0,0,8,0,0,0,0,0,0,0,0,0,0
REEF1182,0,0,0,0,8,0,0,0,0,0,0,0,0,0,0,0
REEF1183,0,0,0,8,0,0,0,0,0,0,0,0,0,0,0,0
REEF1184,0,0,8,0,0,0,0,0,0,0,0,0,0,0,0,0
REEF1185,0,0,0,0,0,0,0,0,0,0,0,0,0,0,0,0
REEF1186,0,0,0,0,0,0,0,0,0,0,0,0,0,0,0,8
REEF1187,0,0,0,0,0,0,0,0,0,0,0,0,0,0,8,0
REEF1188,0,0,0,0,0,0,0,0,0,0,0,0,0,8,0,0
REEF1189,0,0,0,0,0,0,0,0,0,0,0,0,8,0,0,0
REEF1190,0,0,0,0,0,0,0,0,0,0,0,8,0,0,0,0
REEF1191,0,0,0,0,0,0,0,0,0,0,8,0,0,0,0,0
REEF1192,0,0,0,0,0,0,0,0,0,8,0,0,0,0,0,0
REEF1193,0,0,0,0,0,0,0,0,8,0,0,0,0,0,0,0
REEF1194,0,0,0,0,0,0,0,8,0,0,0,0,0,0,0,0
REEF1195,0,0,0,0,0,0,8,0,0,0,0,0,0,0,0,0
REEF1196,0,0,0,0,0,8,0,0,0,0,0,0,0,0,0,0
REEF1197,0,0,0,0,8,0,0,0,0,0,0,0,0,0,0,0
REEF1198,0,0,0,8,0,0,0,0,0,0,0,0,0,0,0,0
REEF1199,0,0,8,0,0,0,0,0,0,0,0,0,0,0,0,0
REEF1200,0,0,0,0,0,0,0,0,0,0,0,0,0,0,0,0
REEF1201,0,0,0,0,0,0,0,0,0,0,0,0,0,0,0,8
REEF1202,0,0,0,0,0,0,0,0,0,0,0,0,0,0,8,0
REEF1203,0,0,0,0,0,0,0,0,0,0,0,0,0,8,0,0
REEF1204,0,0,0,0,0,0,0,0,0,0,0,0,8,0,0,0
REEF1205,0,0,0,0,0,0,0,0,0,0,0,8,0,0,0,0
REEF1206,0,0,0,0,0,0,0,0,0,0,8,0,0,0,0,0
REEF1207,0,0,0,0,0,0,0,0,0,8,0,0,0,0,0,0
REEF1208,0,0,0,0,0,0,0,0,8,0,0,0,0,0,0,0
REEF1209,0,0,0,0,0,0,0,8,0,0,0,0,0,0,0,0
REEF1210,0,0,0,0,0,0,8,0,0,0,0,0,0,0,0,0
REEF1211,0,0,0,0,0,8,0,0,0,0,0,0,0,0,0,0
REEF1212,0,0,0,0,8,0,0,0,0,0,0,0,0,0,0,0
REEF1213,0,0,0,8,0,0,0,0,0,0,0,0,0,0,0,0
REEF1214,0,0,8,0,0,0,0,0,0,0,0,0,0,0,0,0
REEF1215,0,0,0,0,0,0,0,0,0,0,0,0,0,0,0,0
REEF1216,0,0,0,0,0,0,0,0,0,0,0,0,0,0,0,8
REEF1217,0,0,0,0,0,0,0,0,0,0,0,0,0,0,8,0
REEF1218,0,0,0,0,0,0,0,0,0,0,0,0,0,8,0,0
REEF1219,0,0,0,0,0,0,0,0,0,0,0,0,8,0,0,0
REEF1220,0,0,0,0,0,0,0,0,0,0,0,8,0,0,0,0
REEF1221,0,0,0,0,0,0,0,0,0,0,8,0,0,0,0,0
REEF1222,0,0,0,0,0,0,0,0,0,8,0,0,0,0,0,0
REEF1223,0,0,0,0,0,0,0,0,8,0,0,0,0,0,0,0
REEF1224,0,0,0,0,0,0,0,8,0,0,0,0,0,0,0,0
REEF1225,0,0,0,0,0,0,8,0,0,0,0,0,0,0,0,0
REEF1226,0,0,0,0,0,8,0,0,0,0,0,0,0,0,0,0
REEF1227,0,0,0,0,8,0,0,0,0,0,0,0,0,0,0,0
REEF1228,0,0,0,8,0,0,0,0,0,0,0,0,0,0,0,0
REEF1229,0,0,8,0,0,0,0,0,0,0,0,0,0,0,0,0
REEF1230,0,0,0,0,0,0,0,0,0,0,0,0,0,0,0,0
REEF1231,0,0,0,0,0,0,0,0,0,0,0,0,0,0,0,8
REEF1232,0,0,0,0,0,0,0,0,0,0,0,0,0,0,8,0
REEF1233,0,0,0,0,0,0,0,0,0,0,0,0,0,8,0,0
REEF1234,0,0,0,0,0,0,0,0,0,0,0,0,8,0,0,0
REEF1235,0,0,0,0,0,0,0,0,0,0,0,8,0,0,0,0
REEF1236,0,0,0,0,0,0,0,0,0,0,8,0,0,0,0,0
REEF1237,0,0,0,0,0,0,0,0,0,8,0,0,0,0,0,0
REEF1238,0,0,0,0,0,0,0,0,8,0,0,0,0,0,0,0
REEF1239,0,0,0,0,0,0,0,8,0,0,0,0,0,0,0,0
REEF1240,0,0,0,0,0,0,8,0,0,0,0,0,0,0,0,0
REEF1241,0,0,0,0,0,8,0,0,0,0,0,0,0,0,0,0
REEF1242,0,0,0,0,8,0,0,0,0,0,0,0,0,0,0,0
REEF1243,0,0,0,8,0,0,0,0,0,0,0,0,0,0,0,0
REEF1244,0,0,8,0,0,0,0,0,0,0,0,0,0,0,0,0
REEF1245,0,0,0,0,0,0,0,0,0,0,0,0,0,0,0,0
REEF1246,0,0,0,0,0,0,0,0,0,0,0,0,0,0,0,8
REEF1247,0,0,0,0,0,0,0,0,0,0,0,0,0,0,8,0
REEF1248,0,0,0,0,0,0,0,0,0,0,0,0,0,8,0,0
REEF1249,0,0,0,0,0,0,0,0,0,0,0,0,8,0,0,0
REEF1250,0,0,0,0,0,0,0,0,0,0,0,8,0,0,0,0
REEF1251,0,0,0,0,0,0,0,0,0,0,8,0,0,0,0,0
REEF1252,0,0,0,0,0,0,0,0,0,8,0,0,0,0,0,0
REEF1253,0,0,0,0,0,0,0,0,8,0,0,0,0,0,0,0
REEF1254,0,0,0,0,0,0,0,8,0,0,0,0,0,0,0,0
REEF1255,0,0,0,0,0,0,8,0,0,0,0,0,0,0,0,0
REEF1256,0,0,0,0,0,8,0,0,0,0,0,0,0,0,0,0
REEF1257,0,0,0,0,8,0,0,0,0,0,0,0,0,0,0,0
REEF1258,0,0,0,8,0,0,0,0,0,0,0,0,0,0,0,0
REEF1259,0,0,8,0,0,0,0,0,0,0,0,0,0,0,0,0
REEF1260,0,0,0,0,0,0,0,0,0,0,0,0,0,0,0,0
REEF1261,0,0,0,0,0,0,0,0,0,0,0,0,0,0,0,8
REEF1262,0,0,0,0,0,0,0,0,0,0,0,0,0,0,8,0
REEF1263,0,0,0,0,0,0,0,0,0,0,0,0,0,8,0,0
REEF1264,0,0,0,0,0,0,0,0,0,0,0,0,8,0,0,0
REEF1265,0,0,0,0,0,0,0,0,0,0,0,8,0,0,0,0
REEF1266,0,0,0,0,0,0,0,0,0,0,8,0,0,0,0,0
REEF1267,0,0,0,0,0,0,0,0,0,8,0,0,0,0,0,0
REEF1268,0,0,0,0,0,0,0,0,8,0,0,0,0,0,0,0
REEF1269,0,0,0,0,0,0,0,8,0,0,0,0,0,0,0,0
REEF1270,0,0,0,0,0,0,8,0,0,0,0,0,0,0,0,0
REEF1271,0,0,0,0,0,8,0,0,0,0,0,0,0,0,0,0
REEF1272,0,0,0,0,8,0,0,0,0,0,0,0,0,0,0,0
REEF1273,0,0,0,8,0,0,0,0,0,0,0,0,0,0,0,0
REEF1274,0,0,8,0,0,0,0,0,0,0,0,0,0,0,0,0
REEF1275,0,0,0,0,0,0,0,0,0,0,0,0,0,0,0,0
REEF1276,0,0,0,0,0,0,0,0,0,0,0,0,0,0,0,8
REEF1277,0,0,0,0,0,0,0,0,0,0,0,0,0,0,8,0
REEF1278,0,0,0,0,0,0,0,0,0,0,0,0,0,8,0,0
REEF1279,0,0,0,0,0,0,0,0,0,0,0,0,8,0,0,0
REEF1280,0,0,0,0,0,0,0,0,0,0,0,8,0,0,0,0
REEF1281,0,0,0,0,0,0,0,0,0,0,8,0,0,0,0,0
REEF1282,0,0,0,0,0,0,0,0,0,8,0,0,0,0,0,0
REEF1283,0,0,0,0,0,0,0,0,8,0,0,0,0,0,0,0
REEF1284,0,0,0,0,0,0,0,8,0,0,0,0,0,0,0,0
REEF1285,0,0,0,0,0,0,8,0,0,0,0,0,0,0,0,0
REEF1286,0,0,0,0,0,8,0,0,0,0,0,0,0,0,0,0
REEF1287,0,0,0,0,8,0,0,0,0,0,0,0,0,0,0,0
REEF1288,0,0,0,8,0,0,0,0,0,0,0,0,0,0,0,0
REEF1289,0,0,8,0,0,0,0,0,0,0,0,0,0,0,0,0
REEF1290,0,0,0,0,0,0,0,0,0,0,0,0,0,0,0,0
REEF1291,0,0,0,0,0,0,0,0,0,0,0,0,0,0,0,8
REEF1292,0,0,0,0,0,0,0,0,0,0,0,0,0,0,8,0
REEF1293,0,0,0,0,0,0,0,0,0,0,0,0,0,8,0,0
REEF1294,0,0,0,0,0,0,0,0,0,0,0,0,8,0,0,0
REEF1295,0,0,0,0,0,0,0,0,0,0,0,8,0,0,0,0
REEF1296,0,0,0,0,0,0,0,0,0,0,8,0,0,0,0,0
REEF1297,0,0,0,0,0,0,0,0,0,8,0,0,0,0,0,0
REEF1298,0,0,0,0,0,0,0,0,8,0,0,0,0,0,0,0
REEF1299,0,0,0,0,0,0,0,8,0,0,0,0,0,0,0,0
REEF1300,0,0,0,0,0,0,8,0,0,0,0,0,0,0,0,0
REEF1301,0,0,0,0,0,8,0,0,0,0,0,0,0,0,0,0
REEF1302,0,0,0,0,8,0,0,0,0,0,0,0,0,0,0,0
REEF1303,0,0,0,8,0,0,0,0,0,0,0,0,0,0,0,0
REEF1304,0,0,8,0,0,0,0,0,0,0,0,0,0,0,0,0
REEF1305,0,0,0,0,0,0,0,0,0,0,0,0,0,0,0,0
REEF1306,0,0,0,0,0,0,0,0,0,0,0,0,0,0,0,8
REEF1307,0,0,0,0,0,0,0,0,0,0,0,0,0,0,8,0
REEF1308,0,0,0,0,0,0,0,0,0,0,0,0,0,8,0,0
REEF1309,0,0,0,0,0,0,0,0,0,0,0,0,8,0,0,0
REEF1310,0,0,0,0,0,0,0,0,0,0,0,8,0,0,0,0
REEF1311,0,0,0,0,0,0,0,0,0,0,8,0,0,0,0,0
REEF1312,0,0,0,0,0,0,0,0,0,8,0,0,0,0,0,0
REEF1313,0,0,0,0,0,0,0,0,8,0,0,0,0,0,0,0
REEF1314,0,0,0,0,0,0,0,8,0,0,0,0,0,0,0,0
REEF1315,0,0,0,0,0,0,8,0,0,0,0,0,0,0,0,0
REEF1316,0,0,0,0,0,8,0,0,0,0,0,0,0,0,0,0
REEF1317,0,0,0,0,8,0,0,0,0,0,0,0,0,0,0,0
REEF1318,0,0,0,8,0,0,0,0,0,0,0,0,0,0,0,0
REEF1319,0,0,8,0,0,0,0,0,0,0,0,0,0,0,0,0
REEF1320,0,0,0,0,0,0,0,0,0,0,0,0,0,0,0,0
REEF1321,0,0,0,0,0,0,0,0,0,0,0,0,0,0,0,8
REEF1322,0,0,0,0,0,0,0,0,0,0,0,0,0,0,8,0
REEF1323,0,0,0,0,0,0,0,0,0,0,0,0,0,8,0,0
REEF1324,0,0,0,0,0,0,0,0,0,0,0,0,8,0,0,0
REEF1325,0,0,0,0,0,0,0,0,0,0,0,8,0,0,0,0
REEF1326,0,0,0,0,0,0,0,0,0,0,8,0,0,0,0,0
REEF1327,0,0,0,0,0,0,0,0,0,8,0,0,0,0,0,0
REEF1328,0,0,0,0,0,0,0,0,8,0,0,0,0,0,0,0
REEF1329,0,0,0,0,0,0,0,8,0,0,0,0,0,0,0,0
REEF1330,0,0,0,0,0,0,8,0,0,0,0,0,0,0,0,0
REEF1331,0,0,0,0,0,8,0,0,0,0,0,0,0,0,0,0
REEF1332,0,0,0,0,8,0,0,0,0,0,0,0,0,0,0,0
REEF1333,0,0,0,8,0,0,0,0,0,0,0,0,0,0,0,0
REEF1334,0,0,8,0,0,0,0,0,0,0,0,0,0,0,0,0
REEF1335,0,0,0,0,0,0,0,0,0,0,0,0,0,0,0,0
REEF1336,0,0,0,0,0,0,0,0,0,0,0,0,0,0,0,8
REEF1337,0,0,0,0,0,0,0,0,0,0,0,0,0,0,8,0
REEF1338,0,0,0,0,0,0,0,0,0,0,0,0,0,8,0,0
REEF1339,0,0,0,0,0,0,0,0,0,0,0,0,8,0,0,0
REEF1340,0,0,0,0,0,0,0,0,0,0,0,8,0,0,0,0
REEF1341,0,0,0,0,0,0,0,0,0,0,8,0,0,0,0,0
REEF1342,0,0,0,0,0,0,0,0,0,8,0,0,0,0,0,0
REEF1343,0,0,0,0,0,0,0,0,8,0,0,0,0,0,0,0
REEF1344,0,0,0,0,0,0,0,8,0,0,0,0,0,0,0,0
REEF1345,0,0,0,0,0,0,8,0,0,0,0,0,0,0,0,0
REEF1346,0,0,0,0,0,8,0,0,0,0,0,0,0,0,0,0
REEF1347,0,0,0,0,8,0,0,0,0,0,0,0,0,0,0,0
REEF1348,0,0,0,8,0,0,0,0,0,0,0,0,0,0,0,0
REEF1349,0,0,8,0,0,0,0,0,0,0,0,0,0,0,0,0
REEF1350,0,0,0,0,0,0,0,0,0,0,0,0,0,0,0,0
REEF1351,0,0,0,0,0,0,0,0,0,0,0,0,0,0,0,8
REEF1352,0,0,0,0,0,0,0,0,0,0,0,0,0,0,8,0
REEF1353,0,0,0,0,0,0,0,0,0,0,0,0,0,8,0,0
REEF1354,0,0,0,0,0,0,0,0,0,0,0,0,8,0,0,0
REEF1355,0,0,0,0,0,0,0,0,0,0,0,8,0,0,0,0
REEF1356,0,0,0,0,0,0,0,0,0,0,8,0,0,0,0,0
REEF1357,0,0,0,0,0,0,0,0,0,8,0,0,0,0,0,0
REEF1358,0,0,0,0,0,0,0,0,8,0,0,0,0,0,0,0
REEF1359,0,0,0,0,0,0,0,8,0,0,0,0,0,0,0,0
REEF1360,0,0,0,0,0,0,8,0,0,0,0,0,0,0,0,0
REEF1361,0,0,0,0,0,8,0,0,0,0,0,0,0,0,0,0
REEF1362,0,0,0,0,8,0,0,0,0,0,0,0,0,0,0,0
REEF1363,0,0,0,8,0,0,0,0,0,0,0,0,0,0,0,0
REEF1364,0,0,8,0,0,0,0,0,0,0,0,0,0,0,0,0
REEF1365,0,0,0,0,0,0,0,0,0,0,0,0,0,0,0,0
REEF1366,0,0,0,0,0,0,0,0,0,0,0,0,0,0,0,8
REEF1367,0,0,0,0,0,0,0,0,0,0,0,0,0,0,8,0
REEF1368,0,0,0,0,0,0,0,0,0,0,0,0,0,8,0,0
REEF1369,0,0,0,0,0,0,0,0,0,0,0,0,8,0,0,0
REEF1370,0,0,0,0,0,0,0,0,0,0,0,8,0,0,0,0
REEF1371,0,0,0,0,0,0,0,0,0,0,8,0,0,0,0,0
REEF1372,0,0,0,0,0,0,0,0,0,8,0,0,0,0,0,0
REEF1373,0,0,0,0,0,0,0,0,8,0,0,0,0,0,0,0
REEF1374,0,0,0,0,0,0,0,8,0,0,0,0,0,0,0,0
REEF1375,0,0,0,0,0,0,8,0,0,0,0,0,0,0,0,0
REEF1376,0,0,0,0,0,8,0,0,0,0,0,0,0,0,0,0
REEF1377,0,0,0,0,8,0,0,0,0,0,0,0,0,0,0,0
REEF1378,0,0,0,8,0,0,0,0,0,0,0,0,0,0,0,0
REEF1379,0,0,8,0,0,0,0,0,0,0,0,0,0,0,0,0
REEF1380,0,0,0,0,0,0,0,0,0,0,0,0,0,0,0,0
REEF1381,0,0,0,0,0,0,0,0,0,0,0,0,0,0,0,8
REEF1382,0,0,0,0,0,0,0,0,0,0,0,0,0,0,8,0
REEF1383,0,0,0,0,0,0,0,0,0,0,0,0,0,8,0,0
REEF1384,0,0,0,0,0,0,0,0,0,0,0,0,8,0,0,0
REEF1385,0,0,0,0,0,0,0,0,0,0,0,8,0,0,0,0
REEF1386,0,0,0,0,0,0,0,0,0,0,8,0,0,0,0,0
REEF1387,0,0,0,0,0,0,0,0,0,8,0,0,0,0,0,0
REEF1388,0,0,0,0,0,0,0,0,8,0,0,0,0,0,0,0
REEF1389,0,0,0,0,0,0,0,8,0,0,0,0,0,0,0,0
REEF1390,0,0,0,0,0,0,8,0,0,0,0,0,0,0,0,0
REEF1391,0,0,0,0,0,8,0,0,0,0,0,0,0,0,0,0
REEF1392,0,0,0,0,8,0,0,0,0,0,0,0,0,0,0,0
REEF1393,0,0,0,8,0,0,0,0,0,0,0,0,0,0,0,0
REEF1394,0,0,8,0,0,0,0,0,0,0,0,0,0,0,0,0
REEF1395,0,0,0,0,0,0,0,0,0,0,0,0,0,0,0,0
REEF1396,0,0,0,0,0,0,0,0,0,0,0,0,0,0,0,8
REEF1397,0,0,0,0,0,0,0,0,0,0,0,0,0,0,8,0
REEF1398,0,0,0,0,0,0,0,0,0,0,0,0,0,8,0,0
REEF1399,0,0,0,0,0,0,0,0,0,0,0,0,8,0,0,0
REEF1400,0,0,0,0,0,0,0,0,0,0,0,8,0,0,0,0
REEF1401,0,0,0,0,0,0,0,0,0,0,8,0,0,0,0,0
REEF1402,0,0,0,0,0,0,0,0,0,8,0,0,0,0,0,0
REEF1403,0,0,0,0,0,0,0,0,8,0,0,0,0,0,0,0
REEF1404,0,0,0,0,0,0,0,8,0,0,0,0,0,0,0,0
REEF1405,0,0,0,0,0,0,8,0,0,0,0,0,0,0,0,0
REEF1406,0,0,0,0,0,8,0,0,0,0,0,0,0,0,0,0
REEF1407,0,0,0,0,8,0,0,0,0,0,0,0,0,0,0,0
REEF1408,0,0,0,8,0,0,0,0,0,0,0,0,0,0,0,0
REEF1409,0,0,8,0,0,0,0,0,0,0,0,0,0,0,0,0
REEF1410,0,0,0,0,0,0,0,0,0,0,0,0,0,0,0,0
REEF1411,0,0,0,0,0,0,0,0,0,0,0,0,0,0,0,8
REEF1412,0,0,0,0,0,0,0,0,0,0,0,0,0,0,8,0
REEF1413,0,0,0,0,0,0,0,0,0,0,0,0,0,8,0,0
REEF1414,0,0,0,0,0,0,0,0,0,0,0,0,8,0,0,0
REEF1415,0,0,0,0,0,0,0,0,0,0,0,8,0,0,0,0
REEF1416,0,0,0,0,0,0,0,0,0,0,8,0,0,0,0,0
REEF1417,0,0,0,0,0,0,0,0,0,8,0,0,0,0,0,0
REEF1418,0,0,0,0,0,0,0,0,8,0,0,0,0,0,0,0
REEF1419,0,0,0,0,0,0,0,8,0,0,0,0,0,0,0,0
REEF1420,0,0,0,0,0,0,8,0,0,0,0,0,0,0,0,0
REEF1421,0,0,0,0,0,8,0,0,0,0,0,0,0,0,0,0
REEF1422,0,0,0,0,8,0,0,0,0,0,0,0,0,0,0,0
REEF1423,0,0,0,8,0,0,0,0,0,0,0,0,0,0,0,0
REEF1424,0,0,8,0,0,0,0,0,0,0,0,0,0,0,0,0
REEF1425,0,0,0,0,0,0,0,0,0,0,0,0,0,0,0,0
REEF1426,0,0,0,0,0,0,0,0,0,0,0,0,0,0,0,8
REEF1427,0,0,0,0,0,0,0,0,0,0,0,0,0,0,8,0
REEF1428,0,0,0,0,0,0,0,0,0,0,0,0,0,8,0,0
REEF1429,0,0,0,0,0,0,0,0,0,0,0,0,8,0,0,0
REEF1430,0,0,0,0,0,0,0,0,0,0,0,8,0,0,0,0
REEF1431,0,0,0,0,0,0,0,0,0,0,8,0,0,0,0,0
REEF1432,0,0,0,0,0,0,0,0,0,8,0,0,0,0,0,0
REEF1433,0,0,0,0,0,0,0,0,8,0,0,0,0,0,0,0
REEF1434,0,0,0,0,0,0,0,8,0,0,0,0,0,0,0,0
REEF1435,0,0,0,0,0,0,8,0,0,0,0,0,0,0,0,0
REEF1436,0,0,0,0,0,8,0,0,0,0,0,0,0,0,0,0
REEF1437,0,0,0,0,8,0,0,0,0,0,0,0,0,0,0,0
REEF1438,0,0,0,8,0,0,0,0,0,0,0,0,0,0,0,0
REEF1439,0,0,8,0,0,0,0,0,0,0,0,0,0,0,0,0
REEF1440,0,0,0,0,0,0,0,0,0,0,0,0,0,0,0,0
REEF1441,0,0,0,0,0,0,0,0,0,0,0,0,0,0,0,8
REEF1442,0,0,0,0,0,0,0,0,0,0,0,0,0,0,8,0
REEF1443,0,0,0,0,0,0,0,0,0,0,0,0,0,8,0,0
REEF1444,0,0,0,0,0,0,0,0,0,0,0,0,8,0,0,0
REEF1445,0,0,0,0,0,0,0,0,0,0,0,8,0,0,0,0
REEF1446,0,0,0,0,0,0,0,0,0,0,8,0,0,0,0,0
REEF1447,0,0,0,0,0,0,0,0,0,8,0,0,0,0,0,0
REEF1448,0,0,0,0,0,0,0,0,8,0,0,0,0,0,0,0
REEF1449,0,0,0,0,0,0,0,8,0,0,0,0,0,0,0,0
REEF1450,0,0,0,0,0,0,8,0,0,0,0,0,0,0,0,0
REEF1451,0,0,0,0,0,8,0,0,0,0,0,0,0,0,0,0
REEF1452,0,0,0,0,8,0,0,0,0,0,0,0,0,0,0,0
REEF1453,0,0,0,8,0,0,0,0,0,0,0,0,0,0,0,0
REEF1454,0,0,8,0,0,0,0,0,0,0,0,0,0,0,0,0
REEF1455,0,0,0,0,0,0,0,0,0,0,0,0,0,0,0,0
REEF1456,0,0,0,0,0,0,0,0,0,0,0,0,0,0,0,8
REEF1457,0,0,0,0,0,0,0,0,0,0,0,0,0,0,8,0
REEF1458,0,0,0,0,0,0,0,0,0,0,0,0,0,8,0,0
REEF1459,0,0,0,0,0,0,0,0,0,0,0,0,8,0,0,0
REEF1460,0,0,0,0,0,0,0,0,0,0,0,8,0,0,0,0
REEF1461,0,0,0,0,0,0,0,0,0,0,8,0,0,0,0,0
REEF1462,0,0,0,0,0,0,0,0,0,8,0,0,0,0,0,0
REEF1463,0,0,0,0,0,0,0,0,8,0,0,0,0,0,0,0
REEF1464,0,0,0,0,0,0,0,8,0,0,0,0,0,0,0,0
REEF1465,0,0,0,0,0,0,8,0,0,0,0,0,0,0,0,0
REEF1466,0,0,0,0,0,8,0,0,0,0,0,0,0,0,0,0
REEF1467,0,0,0,0,8,0,0,0,0,0,0,0,0,0,0,0
REEF1468,0,0,0,8,0,0,0,0,0,0,0,0,0,0,0,0
REEF1469,0,0,8,0,0,0,0,0,0,0,0,0,0,0,0,0
REEF1470,0,0,0,0,0,0,0,0,0,0,0,0,0,0,0,0
REEF1471,0,0,0,0,0,0,0,0,0,0,0,0,0,0,0,8
REEF1472,0,0,0,0,0,0,0,0,0,0,0,0,0,0,8,0
REEF1473,0,0,0,0,0,0,0,0,0,0,0,0,0,8,0,0
REEF1474,0,0,0,0,0,0,0,0,0,0,0,0,8,0,0,0
REEF1475,0,0,0,0,0,0,0,0,0,0,0,8,0,0,0,0
REEF1476,0,0,0,0,0,0,0,0,0,0,8,0,0,0,0,0
REEF1477,0,0,0,0,0,0,0,0,0,8,0,0,0,0,0,0
REEF1478,0,0,0,0,0,0,0,0,8,0,0,0,0,0,0,0
REEF1479,0,0,0,0,0,0,0,8,0,0,0,0,0,0,0,0
REEF1480,0,0,0,0,0,0,8,0,0,0,0,0,0,0,0,0
REEF1481,0,0,0,0,0,8,0,0,0,0,0,0,0,0,0,0
REEF1482,0,0,0,0,8,0,0,0,0,0,0,0,0,0,0,0
REEF1483,0,0,0,8,0,0,0,0,0,0,0,0,0,0,0,0
REEF1484,0,0,8,0,0,0,0,0,0,0,0,0,0,0,0,0
REEF1485,0,0,0,0,0,0,0,0,0,0,0,0,0,0,0,0
REEF1486,0,0,0,0,0,0,0,0,0,0,0,0,0,0,0,8
REEF1487,0,0,0,0,0,0,0,0,0,0,0,0,0,0,8,0
REEF1488,0,0,0,0,0,0,0,0,0,0,0,0,0,8,0,0
REEF1489,0,0,0,0,0,0,0,0,0,0,0,0,8,0,0,0
REEF1490,0,0,0,0,0,0,0,0,0,0,0,8,0,0,0,0
REEF1491,0,0,0,0,0,0,0,0,0,0,8,0,0,0,0,0
REEF1492,0,0,0,0,0,0,0,0,0,8,0,0,0,0,0,0
REEF1493,0,0,0,0,0,0,0,0,8,0,0,0,0,0,0,0
REEF1494,0,0,0,0,0,0,0,8,0,0,0,0,0,0,0,0
REEF1495,0,0,0,0,0,0,8,0,0,0,0,0,0,0,0,0
REEF1496,0,0,0,0,0,8,0,0,0,0,0,0,0,0,0,0
REEF1497,0,0,0,0,8,0,0,0,0,0,0,0,0,0,0,0
REEF1498,0,0,0,8,0,0,0,0,0,0,0,0,0,0,0,0
REEF1499,0,0,8,0,0,0,0,0,0,0,0,0,0,0,0,0
REEF1500,0,0,0,0,0,0,0,0,0,0,0,0,0,0,0,0
REEF1501,0,0,0,0,0,0,0,0,0,0,0,0,0,0,0,8
REEF1502,0,0,0,0,0,0,0,0,0,0,0,0,0,0,8,0
REEF1503,0,0,0,0,0,0,0,0,0,0,0,0,0,8,0,0
REEF1504,0,0,0,0,0,0,0,0,0,0,0,0,8,0,0,0
REEF1505,0,0,0,0,0,0,0,0,0,0,0,8,0,0,0,0
REEF1506,0,0,0,0,0,0,0,0,0,0,8,0,0,0,0,0
REEF1507,0,0,0,0,0,0,0,0,0,8,0,0,0,0,0,0
REEF1508,0,0,0,0,0,0,0,0,8,0,0,0,0,0,0,0
REEF1509,0,0,0,0,0,0,0,8,0,0,0,0,0,0,0,0
REEF1510,0,0,0,0,0,0,8,0,0,0,0,0,0,0,0,0
REEF1511,0,0,0,0,0,8,0,0,0,0,0,0,0,0,0,0
REEF1512,0,0,0,0,8,0,0,0,0,0,0,0,0,0,0,0
REEF1513,0,0,0,8,0,0,0,0,0,0,0,0,0,0,0,0
REEF1514,0,0,8,0,0,0,0,0,0,0,0,0,0,0,0,0
REEF1515,0,0,0,0,0,0,0,0,0,0,0,0,0,0,0,0
REEF1516,0,0,0,0,0,0,0,0,0,0,0,0,0,0,0,8
REEF1517,0,0,0,0,0,0,0,0,0,0,0,0,0,0,8,0
REEF1518,0,0,0,0,0,0,0,0,0,0,0,0,0,8,0,0
REEF1519,0,0,0,0,0,0,0,0,0,0,0,0,8,0,0,0
REEF1520,0,0,0,0,0,0,0,0,0,0,0,8,0,0,0,0
REEF1521,0,0,0,0,0,0,0,0,0,0,8,0,0,0,0,0
REEF1522,0,0,0,0,0,0,0,0,0,8,0,0,0,0,0,0
REEF1523,0,0,0,0,0,0,0,0,8,0,0,0,0,0,0,0
REEF1524,0,0,0,0,0,0,0,8,0,0,0,0,0,0,0,0
REEF1525,0,0,0,0,0,0,8,0,0,0,0,0,0,0,0,0
REEF1526,0,0,0,0,0,8,0,0,0,0,0,0,0,0,0,0
REEF1527,0,0,0,0,8,0,0,0,0,0,0,0,0,0,0,0
REEF1528,0,0,0,8,0,0,0,0,0,0,0,0,0,0,0,0
REEF1529,0,0,8,0,0,0,0,0,0,0,0,0,0,0,0,0
REEF1530,0,0,0,0,0,0,0,0,0,0,0,0,0,0,0,0
REEF1531,0,0,0,0,0,0,0,0,0,0,0,0,0,0,0,8
REEF1532,0,0,0,0,0,0,0,0,0,0,0,0,0,0,8,0
REEF1533,0,0,0,0,0,0,0,0,0,0,0,0,0,8,0,0
REEF1534,0,0,0,0,0,0,0,0,0,0,0,0,8,0,0,0
REEF1535,0,0,0,0,0,0,0,0,0,0,0,8,0,0,0,0
REEF1536,0,0,0,0,0,0,0,0,0,0,8,0,0,0,0,0
REEF1537,0,0,0,0,0,0,0,0,0,8,0,0,0,0,0,0
REEF1538,0,0,0,0,0,0,0,0,8,0,0,0,0,0,0,0
REEF1539,0,0,0,0,0,0,0,8,0,0,0,0,0,0,0,0
REEF1540,0,0,0,0,0,0,8,0,0,0,0,0,0,0,0,0
REEF1541,0,0,0,0,0,8,0,0,0,0,0,0,0,0,0,0
REEF1542,0,0,0,0,8,0,0,0,0,0,0,0,0,0,0,0
REEF1543,0,0,0,8,0,0,0,0,0,0,0,0,0,0,0,0
REEF1544,0,0,8,0,0,0,0,0,0,0,0,0,0,0,0,0
REEF1545,0,0,0,0,0,0,0,0,0,0,0,0,0,0,0,0
REEF1546,0,0,0,0,0,0,0,0,0,0,0,0,0,0,0,8
REEF1547,0,0,0,0,0,0,0,0,0,0,0,0,0,0,8,0
REEF1548,0,0,0,0,0,0,0,0,0,0,0,0,0,8,0,0
REEF1549,0,0,0,0,0,0,0,0,0,0,0,0,8,0,0,0
REEF1550,0,0,0,0,0,0,0,0,0,0,0,8,0,0,0,0
REEF1551,0,0,0,0,0,0,0,0,0,0,8,0,0,0,0,0
REEF1552,0,0,0,0,0,0,0,0,0,8,0,0,0,0,0,0
REEF1553,0,0,0,0,0,0,0,0,8,0,0,0,0,0,0,0
REEF1554,0,0,0,0,0,0,0,8,0,0,0,0,0,0,0,0
REEF1555,0,0,0,0,0,0,8,0,0,0,0,0,0,0,0,0
REEF1556,0,0,0,0,0,8,0,0,0,0,0,0,0,0,0,0
REEF1557,0,0,0,0,8,0,0,0,0,0,0,0,0,0,0,0
REEF1558,0,0,0,8,0,0,0,0,0,0,0,0,0,0,0,0
REEF1559,0,0,8,0,0,0,0,0,0,0,0,0,0,0,0,0
REEF1560,0,0,0,0,0,0,0,0,0,0,0,0,0,0,0,0
REEF1561,0,0,0,0,0,0,0,0,0,0,0,0,0,0,0,8
REEF1562,0,0,0,0,0,0,0,0,0,0,0,0,0,0,8,0
REEF1563,0,0,0,0,0,0,0,0,0,0,0,0,0,8,0,0
REEF1564,0,0,0,0,0,0,0,0,0,0,0,0,8,0,0,0
REEF1565,0,0,0,0,0,0,0,0,0,0,0,8,0,0,0,0
REEF1566,0,0,0,0,0,0,0,0,0,0,8,0,0,0,0,0
REEF1567,0,0,0,0,0,0,0,0,0,8,0,0,0,0,0,0
REEF1568,0,0,0,0,0,0,0,0,8,0,0,0,0,0,0,0
REEF1569,0,0,0,0,0,0,0,8,0,0,0,0,0,0,0,0
REEF1570,0,0,0,0,0,0,8,0,0,0,0,0,0,0,0,0
REEF1571,0,0,0,0,0,8,0,0,0,0,0,0,0,0,0,0
REEF1572,0,0,0,0,8,0,0,0,0,0,0,0,0,0,0,0
REEF1573,0,0,0,8,0,0,0,0,0,0,0,0,0,0,0,0
REEF1574,0,0,8,0,0,0,0,0,0,0,0,0,0,0,0,0
REEF1575,0,0,0,0,0,0,0,0,0,0,0,0,0,0,0,0
REEF1576,0,0,0,0,0,0,0,0,0,0,0,0,0,0,0,8
REEF1577,0,0,0,0,0,0,0,0,0,0,0,0,0,0,8,0
REEF1578,0,0,0,0,0,0,0,0,0,0,0,0,0,8,0,0
REEF1579,0,0,0,0,0,0,0,0,0,0,0,0,8,0,0,0
REEF1580,0,0,0,0,0,0,0,0,0,0,0,8,0,0,0,0
REEF1581,0,0,0,0,0,0,0,0,0,0,8,0,0,0,0,0
REEF1582,0,0,0,0,0,0,0,0,0,8,0,0,0,0,0,0
REEF1583,0,0,0,0,0,0,0,0,8,0,0,0,0,0,0,0
REEF1584,0,0,0,0,0,0,0,8,0,0,0,0,0,0,0,0
REEF1585,0,0,0,0,0,0,8,0,0,0,0,0,0,0,0,0
REEF1586,0,0,0,0,0,8,0,0,0,0,0,0,0,0,0,0
REEF1587,0,0,0,0,8,0,0,0,0,0,0,0,0,0,0,0
REEF1588,0,0,0,8,0,0,0,0,0,0,0,0,0,0,0,0
REEF1589,0,0,8,0,0,0,0,0,0,0,0,0,0,0,0,0
REEF1590,0,0,0,0,0,0,0,0,0,0,0,0,0,0,0,0
REEF1591,0,0,0,0,0,0,0,0,0,0,0,0,0,0,0,8
REEF1592,0,0,0,0,0,0,0,0,0,0,0,0,0,0,8,0
REEF1593,0,0,0,0,0,0,0,0,0,0,0,0,0,8,0,0
REEF1594,0,0,0,0,0,0,0,0,0,0,0,0,8,0,0,0
REEF1595,0,0,0,0,0,0,0,0,0,0,0,8,0,0,0,0
REEF1596,0,0,0,0,0,0,0,0,0,0,8,0,0,0,0,0
REEF1597,0,0,0,0,0,0,0,0,0,8,0,0,0,0,0,0
REEF1598,0,0,0,0,0,0,0,0,8,0,0,0,0,0,0,0
REEF1599,0,0,0,0,0,0,0,8,0,0,0,0,0,0,0,0
REEF1600,0,0,0,0,0,0,8,0,0,0,0,0,0,0,0,0
REEF1601,0,0,0,0,0,8,0,0,0,0,0,0,0,0,0,0
REEF1602,0,0,0,0,8,0,0,0,0,0,0,0,0,0,0,0
REEF1603,0,0,0,8,0,0,0,0,0,0,0,0,0,0,0,0
REEF1604,0,0,8,0,0,0,0,0,0,0,0,0,0,0,0,0
REEF1605,0,0,0,0,0,0,0,0,0,0,0,0,0,0,0,0
REEF1606,0,0,0,0,0,0,0,0,0,0,0,0,0,0,0,8
REEF1607,0,0,0,0,0,0,0,0,0,0,0,0,0,0,8,0
REEF1608,0,0,0,0,0,0,0,0,0,0,0,0,0,8,0,0
REEF1609,0,0,0,0,0,0,0,0,0,0,0,0,8,0,0,0
REEF1610,0,0,0,0,0,0,0,0,0,0,0,8,0,0,0,0
REEF1611,0,0,0,0,0,0,0,0,0,0,8,0,0,0,0,0
REEF1612,0,0,0,0,0,0,0,0,0,8,0,0,0,0,0,0
REEF1613,0,0,0,0,0,0,0,0,8,0,0,0,0,0,0,0
REEF1614,0,0,0,0,0,0,0,8,0,0,0,0,0,0,0,0
REEF1615,0,0,0,0,0,0,8,0,0,0,0,0,0,0,0,0
REEF1616,0,0,0,0,0,8,0,0,0,0,0,0,0,0,0,0
REEF1617,0,0,0,0,8,0,0,0,0,0,0,0,0,0,0,0
REEF1618,0,0,0,8,0,0,0,0,0,0,0,0,0,0,0,0
REEF1619,0,0,8,0,0,0,0,0,0,0,0,0,0,0,0,0
REEF1620,0,0,0,0,0,0,0,0,0,0,0,0,0,0,0,0
REEF1621,0,0,0,0,0,0,0,0,0,0,0,0,0,0,0,8
REEF1622,0,0,0,0,0,0,0,0,0,0,0,0,0,0,8,0
REEF1623,0,0,0,0,0,0,0,0,0,0,0,0,0,8,0,0
REEF1624,0,0,0,0,0,0,0,0,0,0,0,0,8,0,0,0
REEF1625,0,0,0,0,0,0,0,0,0,0,0,8,0,0,0,0
REEF1626,0,0,0,0,0,0,0,0,0,0,8,0,0,0,0,0
REEF1627,0,0,0,0,0,0,0,0,0,8,0,0,0,0,0,0
REEF1628,0,0,0,0,0,0,0,0,8,0,0,0,0,0,0,0
REEF1629,0,0,0,0,0,0,0,8,0,0,0,0,0,0,0,0
REEF1630,0,0,0,0,0,0,8,0,0,0,0,0,0,0,0,0
REEF1631,0,0,0,0,0,8,0,0,0,0,0,0,0,0,0,0
REEF1632,0,0,0,0,8,0,0,0,0,0,0,0,0,0,0,0
REEF1633,0,0,0,8,0,0,0,0,0,0,0,0,0,0,0,0
REEF1634,0,0,8,0,0,0,0,0,0,0,0,0,0,0,0,0
REEF1635,0,0,0,0,0,0,0,0,0,0,0,0,0,0,0,0
REEF1636,0,0,0,0,0,0,0,0,0,0,0,0,0,0,0,8
REEF1637,0,0,0,0,0,0,0,0,0,0,0,0,0,0,8,0
REEF1638,0,0,0,0,0,0,0,0,0,0,0,0,0,8,0,0
REEF1639,0,0,0,0,0,0,0,0,0,0,0,0,8,0,0,0
REEF1640,0,0,0,0,0,0,0,0,0,0,0,8,0,0,0,0
REEF1641,0,0,0,0,0,0,0,0,0,0,8,0,0,0,0,0
REEF1642,0,0,0,0,0,0,0,0,0,8,0,0,0,0,0,0
REEF1643,0,0,0,0,0,0,0,0,8,0,0,0,0,0,0,0
REEF1644,0,0,0,0,0,0,0,8,0,0,0,0,0,0,0,0
REEF1645,0,0,0,0,0,0,8,0,0,0,0,0,0,0,0,0
REEF1646,0,0,0,0,0,8,0,0,0,0,0,0,0,0,0,0
REEF1647,0,0,0,0,8,0,0,0,0,0,0,0,0,0,0,0
REEF1648,0,0,0,8,0,0,0,0,0,0,0,0,0,0,0,0
REEF1649,0,0,8,0,0,0,0,0,0,0,0,0,0,0,0,0
REEF1650,0,0,0,0,0,0,0,0,0,0,0,0,0,0,0,0
REEF1651,0,0,0,0,0,0,0,0,0,0,0,0,0,0,0,8
REEF1652,0,0,0,0,0,0,0,0,0,0,0,0,0,0,8,0
REEF1653,0,0,0,0,0,0,0,0,0,0,0,0,0,8,0,0
REEF1654,0,0,0,0,0,0,0,0,0,0,0,0,8,0,0,0
REEF1655,0,0,0,0,0,0,0,0,0,0,0,8,0,0,0,0
REEF1656,0,0,0,0,0,0,0,0,0,0,8,0,0,0,0,0
REEF1657,0,0,0,0,0,0,0,0,0,8,0,0,0,0,0,0
REEF1658,0,0,0,0,0,0,0,0,8,0,0,0,0,0,0,0
REEF1659,0,0,0,0,0,0,0,8,0,0,0,0,0,0,0,0
REEF1660,0,0,0,0,0,0,8,0,0,0,0,0,0,0,0,0
REEF1661,0,0,0,0,0,8,0,0,0,0,0,0,0,0,0,0
REEF1662,0,0,0,0,8,0,0,0,0,0,0,0,0,0,0,0
REEF1663,0,0,0,8,0,0,0,0,0,0,0,0,0,0,0,0
REEF1664,0,0,8,0,0,0,0,0,0,0,0,0,0,0,0,0
REEF1665,0,0,0,0,0,0,0,0,0,0,0,0,0,0,0,0
REEF1666,0,0,0,0,0,0,0,0,0,0,0,0,0,0,0,8
REEF1667,0,0,0,0,0,0,0,0,0,0,0,0,0,0,8,0
REEF1668,0,0,0,0,0,0,0,0,0,0,0,0,0,8,0,0
REEF1669,0,0,0,0,0,0,0,0,0,0,0,0,8,0,0,0
REEF1670,0,0,0,0,0,0,0,0,0,0,0,8,0,0,0,0
REEF1671,0,0,0,0,0,0,0,0,0,0,8,0,0,0,0,0
REEF1672,0,0,0,0,0,0,0,0,0,8,0,0,0,0,0,0
REEF1673,0,0,0,0,0,0,0,0,8,0,0,0,0,0,0,0
REEF1674,0,0,0,0,0,0,0,8,0,0,0,0,0,0,0,0
REEF1675,0,0,0,0,0,0,8,0,0,0,0,0,0,0,0,0
REEF1676,0,0,0,0,0,8,0,0,0,0,0,0,0,0,0,0
REEF1677,0,0,0,0,8,0,0,0,0,0,0,0,0,0,0,0
REEF1678,0,0,0,8,0,0,0,0,0,0,0,0,0,0,0,0
REEF1679,0,0,8,0,0,0,0,0,0,0,0,0,0,0,0,0
REEF1680,0,0,0,0,0,0,0,0,0,0,0,0,0,0,0,0
REEF1681,0,0,0,0,0,0,0,0,0,0,0,0,0,0,0,8
REEF1682,0,0,0,0,0,0,0,0,0,0,0,0,0,0,8,0
REEF1683,0,0,0,0,0,0,0,0,0,0,0,0,0,8,0,0
REEF1684,0,0,0,0,0,0,0,0,0,0,0,0,8,0,0,0
REEF1685,0,0,0,0,0,0,0,0,0,0,0,8,0,0,0,0
REEF1686,0,0,0,0,0,0,0,0,0,0,8,0,0,0,0,0
REEF1687,0,0,0,0,0,0,0,0,0,8,0,0,0,0,0,0
REEF1688,0,0,0,0,0,0,0,0,8,0,0,0,0,0,0,0
REEF1689,0,0,0,0,0,0,0,8,0,0,0,0,0,0,0,0
REEF1690,0,0,0,0,0,0,8,0,0,0,0,0,0,0,0,0
REEF1691,0,0,0,0,0,8,0,0,0,0,0,0,0,0,0,0
REEF1692,0,0,0,0,8,0,0,0,0,0,0,0,0,0,0,0
REEF1693,0,0,0,8,0,0,0,0,0,0,0,0,0,0,0,0
REEF1694,0,0,8,0,0,0,0,0,0,0,0,0,0,0,0,0
REEF1695,0,0,0,0,0,0,0,0,0,0,0,0,0,0,0,0
REEF1696,0,0,0,0,0,0,0,0,0,0,0,0,0,0,0,8
REEF1697,0,0,0,0,0,0,0,0,0,0,0,0,0,0,8,0
REEF1698,0,0,0,0,0,0,0,0,0,0,0,0,0,8,0,0
REEF1699,0,0,0,0,0,0,0,0,0,0,0,0,8,0,0,0
REEF1700,0,0,0,0,0,0,0,0,0,0,0,8,0,0,0,0
REEF1701,0,0,0,0,0,0,0,0,0,0,8,0,0,0,0,0
REEF1702,0,0,0,0,0,0,0,0,0,8,0,0,0,0,0,0
REEF1703,0,0,0,0,0,0,0,0,8,0,0,0,0,0,0,0
REEF1704,0,0,0,0,0,0,0,8,0,0,0,0,0,0,0,0
REEF1705,0,0,0,0,0,0,8,0,0,0,0,0,0,0,0,0
REEF1706,0,0,0,0,0,8,0,0,0,0,0,0,0,0,0,0
REEF1707,0,0,0,0,8,0,0,0,0,0,0,0,0,0,0,0
REEF1708,0,0,0,8,0,0,0,0,0,0,0,0,0,0,0,0
REEF1709,0,0,8,0,0,0,0,0,0,0,0,0,0,0,0,0
REEF1710,0,0,0,0,0,0,0,0,0,0,0,0,0,0,0,0
REEF1711,0,0,0,0,0,0,0,0,0,0,0,0,0,0,0,8
REEF1712,0,0,0,0,0,0,0,0,0,0,0,0,0,0,8,0
REEF1713,0,0,0,0,0,0,0,0,0,0,0,0,0,8,0,0
REEF1714,0,0,0,0,0,0,0,0,0,0,0,0,8,0,0,0
REEF1715,0,0,0,0,0,0,0,0,0,0,0,8,0,0,0,0
REEF1716,0,0,0,0,0,0,0,0,0,0,8,0,0,0,0,0
REEF1717,0,0,0,0,0,0,0,0,0,8,0,0,0,0,0,0
REEF1718,0,0,0,0,0,0,0,0,8,0,0,0,0,0,0,0
REEF1719,0,0,0,0,0,0,0,8,0,0,0,0,0,0,0,0
REEF1720,0,0,0,0,0,0,8,0,0,0,0,0,0,0,0,0
REEF1721,0,0,0,0,0,8,0,0,0,0,0,0,0,0,0,0
REEF1722,0,0,0,0,8,0,0,0,0,0,0,0,0,0,0,0
REEF1723,0,0,0,8,0,0,0,0,0,0,0,0,0,0,0,0
REEF1724,0,0,8,0,0,0,0,0,0,0,0,0,0,0,0,0
REEF1725,0,0,0,0,0,0,0,0,0,0,0,0,0,0,0,0
REEF1726,0,0,0,0,0,0,0,0,0,0,0,0,0,0,0,8
REEF1727,0,0,0,0,0,0,0,0,0,0,0,0,0,0,8,0
REEF1728,0,0,0,0,0,0,0,0,0,0,0,0,0,8,0,0
REEF1729,0,0,0,0,0,0,0,0,0,0,0,0,8,0,0,0
REEF1730,0,0,0,0,0,0,0,0,0,0,0,8,0,0,0,0
REEF1731,0,0,0,0,0,0,0,0,0,0,8,0,0,0,0,0
REEF1732,0,0,0,0,0,0,0,0,0,8,0,0,0,0,0,0
REEF1733,0,0,0,0,0,0,0,0,8,0,0,0,0,0,0,0
REEF1734,0,0,0,0,0,0,0,8,0,0,0,0,0,0,0,0
REEF1735,0,0,0,0,0,0,8,0,0,0,0,0,0,0,0,0
REEF1736,0,0,0,0,0,8,0,0,0,0,0,0,0,0,0,0
REEF1737,0,0,0,0,8,0,0,0,0,0,0,0,0,0,0,0
REEF1738,0,0,0,8,0,0,0,0,0,0,0,0,0,0,0,0
REEF1739,0,0,8,0,0,0,0,0,0,0,0,0,0,0,0,0
REEF1740,0,0,0,0,0,0,0,0,0,0,0,0,0,0,0,0
REEF1741,0,0,0,0,0,0,0,0,0,0,0,0,0,0,0,8
REEF1742,0,0,0,0,0,0,0,0,0,0,0,0,0,0,8,0
REEF1743,0,0,0,0,0,0,0,0,0,0,0,0,0,8,0,0
REEF1744,0,0,0,0,0,0,0,0,0,0,0,0,8,0,0,0
REEF1745,0,0,0,0,0,0,0,0,0,0,0,8,0,0,0,0
REEF1746,0,0,0,0,0,0,0,0,0,0,8,0,0,0,0,0
REEF1747,0,0,0,0,0,0,0,0,0,8,0,0,0,0,0,0
REEF1748,0,0,0,0,0,0,0,0,8,0,0,0,0,0,0,0
REEF1749,0,0,0,0,0,0,0,8,0,0,0,0,0,0,0,0
REEF1750,0,0,0,0,0,0,8,0,0,0,0,0,0,0,0,0
REEF1751,0,0,0,0,0,8,0,0,0,0,0,0,0,0,0,0
REEF1752,0,0,0,0,8,0,0,0,0,0,0,0,0,0,0,0
REEF1753,0,0,0,8,0,0,0,0,0,0,0,0,0,0,0,0
REEF1754,0,0,8,0,0,0,0,0,0,0,0,0,0,0,0,0
REEF1755,0,0,0,0,0,0,0,0,0,0,0,0,0,0,0,0
REEF1756,0,0,0,0,0,0,0,0,0,0,0,0,0,0,0,8
REEF1757,0,0,0,0,0,0,0,0,0,0,0,0,0,0,8,0
REEF1758,0,0,0,0,0,0,0,0,0,0,0,0,0,8,0,0
REEF1759,0,0,0,0,0,0,0,0,0,0,0,0,8,0,0,0
REEF1760,0,0,0,0,0,0,0,0,0,0,0,8,0,0,0,0
REEF1761,0,0,0,0,0,0,0,0,0,0,8,0,0,0,0,0
REEF1762,0,0,0,0,0,0,0,0,0,8,0,0,0,0,0,0
REEF1763,0,0,0,0,0,0,0,0,8,0,0,0,0,0,0,0
REEF1764,0,0,0,0,0,0,0,8,0,0,0,0,0,0,0,0
REEF1765,0,0,0,0,0,0,8,0,0,0,0,0,0,0,0,0
REEF1766,0,0,0,0,0,8,0,0,0,0,0,0,0,0,0,0
REEF1767,0,0,0,0,8,0,0,0,0,0,0,0,0,0,0,0
REEF1768,0,0,0,8,0,0,0,0,0,0,0,0,0,0,0,0
REEF1769,0,0,8,0,0,0,0,0,0,0,0,0,0,0,0,0
REEF1770,0,0,0,0,0,0,0,0,0,0,0,0,0,0,0,0
REEF1771,0,0,0,0,0,0,0,0,0,0,0,0,0,0,0,8
REEF1772,0,0,0,0,0,0,0,0,0,0,0,0,0,0,8,0
REEF1773,0,0,0,0,0,0,0,0,0,0,0,0,0,8,0,0
REEF1774,0,0,0,0,0,0,0,0,0,0,0,0,8,0,0,0
REEF1775,0,0,0,0,0,0,0,0,0,0,0,8,0,0,0,0
REEF1776,0,0,0,0,0,0,0,0,0,0,8,0,0,0,0,0
REEF1777,0,0,0,0,0,0,0,0,0,8,0,0,0,0,0,0
REEF1778,0,0,0,0,0,0,0,0,8,0,0,0,0,0,0,0
REEF1779,0,0,0,0,0,0,0,8,0,0,0,0,0,0,0,0
REEF1780,0,0,0,0,0,0,8,0,0,0,0,0,0,0,0,0
REEF1781,0,0,0,0,0,8,0,0,0,0,0,0,0,0,0,0
REEF1782,0,0,0,0,8,0,0,0,0,0,0,0,0,0,0,0
REEF1783,0,0,0,8,0,0,0,0,0,0,0,0,0,0,0,0
REEF1784,0,0,8,0,0,0,0,0,0,0,0,0,0,0,0,0
REEF1785,0,0,0,0,0,0,0,0,0,0,0,0,0,0,0,0
REEF1786,0,0,0,0,0,0,0,0,0,0,0,0,0,0,0,8
REEF1787,0,0,0,0,0,0,0,0,0,0,0,0,0,0,8,0
REEF1788,0,0,0,0,0,0,0,0,0,0,0,0,0,8,0,0
REEF1789,0,0,0,0,0,0,0,0,0,0,0,0,8,0,0,0
REEF1790,0,0,0,0,0,0,0,0,0,0,0,8,0,0,0,0
REEF1791,0,0,0,0,0,0,0,0,0,0,8,0,0,0,0,0
REEF1792,0,0,0,0,0,0,0,0,0,8,0,0,0,0,0,0
REEF1793,0,0,0,0,0,0,0,0,8,0,0,0,0,0,0,0
REEF1794,0,0,0,0,0,0,0,8,0,0,0,0,0,0,0,0
REEF1795,0,0,0,0,0,0,8,0,0,0,0,0,0,0,0,0
REEF1796,0,0,0,0,0,8,0,0,0,0,0,0,0,0,0,0
REEF1797,0,0,0,0,8,0,0,0,0,0,0,0,0,0,0,0
REEF1798,0,0,0,8,0,0,0,0,0,0,0,0,0,0,0,0
REEF1799,0,0,8,0,0,0,0,0,0,0,0,0,0,0,0,0
REEF1800,0,0,0,0,0,0,0,0,0,0,0,0,0,0,0,0
REEF1801,0,0,0,0,0,0,0,0,0,0,0,0,0,0,0,8
REEF1802,0,0,0,0,0,0,0,0,0,0,0,0,0,0,8,0
REEF1803,0,0,0,0,0,0,0,0,0,0,0,0,0,8,0,0
REEF1804,0,0,0,0,0,0,0,0,0,0,0,0,8,0,0,0
REEF1805,0,0,0,0,0,0,0,0,0,0,0,8,0,0,0,0
REEF1806,0,0,0,0,0,0,0,0,0,0,8,0,0,0,0,0
REEF1807,0,0,0,0,0,0,0,0,0,8,0,0,0,0,0,0
REEF1808,0,0,0,0,0,0,0,0,8,0,0,0,0,0,0,0
REEF1809,0,0,0,0,0,0,0,8,0,0,0,0,0,0,0,0
REEF1810,0,0,0,0,0,0,8,0,0,0,0,0,0,0,0,0
REEF1811,0,0,0,0,0,8,0,0,0,0,0,0,0,0,0,0
REEF1812,0,0,0,0,8,0,0,0,0,0,0,0,0,0,0,0
REEF1813,0,0,0,8,0,0,0,0,0,0,0,0,0,0,0,0
REEF1814,0,0,8,0,0,0,0,0,0,0,0,0,0,0,0,0
REEF1815,0,0,0,0,0,0,0,0,0,0,0,0,0,0,0,0
REEF1816,0,0,0,0,0,0,0,0,0,0,0,0,0,0,0,8
REEF1817,0,0,0,0,0,0,0,0,0,0,0,0,0,0,8,0
REEF1818,0,0,0,0,0,0,0,0,0,0,0,0,0,8,0,0
REEF1819,0,0,0,0,0,0,0,0,0,0,0,0,8,0,0,0
REEF1820,0,0,0,0,0,0,0,0,0,0,0,8,0,0,0,0
REEF1821,0,0,0,0,0,0,0,0,0,0,8,0,0,0,0,0
REEF1822,0,0,0,0,0,0,0,0,0,8,0,0,0,0,0,0
REEF1823,0,0,0,0,0,0,0,0,8,0,0,0,0,0,0,0
REEF1824,0,0,0,0,0,0,0,8,0,0,0,0,0,0,0,0
REEF1825,0,0,0,0,0,0,8,0,0,0,0,0,0,0,0,0
REEF1826,0,0,0,0,0,8,0,0,0,0,0,0,0,0,0,0
REEF1827,0,0,0,0,8,0,0,0,0,0,0,0,0,0,0,0
REEF1828,0,0,0,8,0,0,0,0,0,0,0,0,0,0,0,0
REEF1829,0,0,8,0,0,0,0,0,0,0,0,0,0,0,0,0
REEF1830,0,0,0,0,0,0,0,0,0,0,0,0,0,0,0,0
REEF1831,0,0,0,0,0,0,0,0,0,0,0,0,0,0,0,8
REEF1832,0,0,0,0,0,0,0,0,0,0,0,0,0,0,8,0
REEF1833,0,0,0,0,0,0,0,0,0,0,0,0,0,8,0,0
REEF1834,0,0,0,0,0,0,0,0,0,0,0,0,8,0,0,0
REEF1835,0,0,0,0,0,0,0,0,0,0,0,8,0,0,0,0
REEF1836,0,0,0,0,0,0,0,0,0,0,8,0,0,0,0,0
REEF1837,0,0,0,0,0,0,0,0,0,8,0,0,0,0,0,0
REEF1838,0,0,0,0,0,0,0,0,8,0,0,0,0,0,0,0
REEF1839,0,0,0,0,0,0,0,8,0,0,0,0,0,0,0,0
REEF1840,0,0,0,0,0,0,8,0,0,0,0,0,0,0,0,0
REEF1841,0,0,0,0,0,8,0,0,0,0,0,0,0,0,0,0
REEF1842,0,0,0,0,8,0,0,0,0,0,0,0,0,0,0,0
REEF1843,0,0,0,8,0,0,0,0,0,0,0,0,0,0,0,0
REEF1844,0,0,8,0,0,0,0,0,0,0,0,0,0,0,0,0
REEF1845,0,0,0,0,0,0,0,0,0,0,0,0,0,0,0,0
REEF1846,0,0,0,0,0,0,0,0,0,0,0,0,0,0,0,8
REEF1847,0,0,0,0,0,0,0,0,0,0,0,0,0,0,8,0
REEF1848,0,0,0,0,0,0,0,0,0,0,0,0,0,8,0,0
REEF1849,0,0,0,0,0,0,0,0,0,0,0,0,8,0,0,0
REEF1850,0,0,0,0,0,0,0,0,0,0,0,8,0,0,0,0
REEF1851,0,0,0,0,0,0,0,0,0,0,8,0,0,0,0,0
REEF1852,0,0,0,0,0,0,0,0,0,8,0,0,0,0,0,0
REEF1853,0,0,0,0,0,0,0,0,8,0,0,0,0,0,0,0
REEF1854,0,0,0,0,0,0,0,8,0,0,0,0,0,0,0,0
REEF1855,0,0,0,0,0,0,8,0,0,0,0,0,0,0,0,0
REEF1856,0,0,0,0,0,8,0,0,0,0,0,0,0,0,0,0
REEF1857,0,0,0,0,8,0,0,0,0,0,0,0,0,0,0,0
REEF1858,0,0,0,8,0,0,0,0,0,0,0,0,0,0,0,0
REEF1859,0,0,8,0,0,0,0,0,0,0,0,0,0,0,0,0
REEF1860,0,0,0,0,0,0,0,0,0,0,0,0,0,0,0,0
REEF1861,0,0,0,0,0,0,0,0,0,0,0,0,0,0,0,8
REEF1862,0,0,0,0,0,0,0,0,0,0,0,0,0,0,8,0
REEF1863,0,0,0,0,0,0,0,0,0,0,0,0,0,8,0,0
REEF1864,0,0,0,0,0,0,0,0,0,0,0,0,8,0,0,0
REEF1865,0,0,0,0,0,0,0,0,0,0,0,8,0,0,0,0
REEF1866,0,0,0,0,0,0,0,0,0,0,8,0,0,0,0,0
REEF1867,0,0,0,0,0,0,0,0,0,8,0,0,0,0,0,0
REEF1868,0,0,0,0,0,0,0,0,8,0,0,0,0,0,0,0
REEF1869,0,0,0,0,0,0,0,8,0,0,0,0,0,0,0,0
REEF1870,0,0,0,0,0,0,8,0,0,0,0,0,0,0,0,0
REEF1871,0,0,0,0,0,8,0,0,0,0,0,0,0,0,0,0
REEF1872,0,0,0,0,8,0,0,0,0,0,0,0,0,0,0,0
REEF1873,0,0,0,8,0,0,0,0,0,0,0,0,0,0,0,0
REEF1874,0,0,8,0,0,0,0,0,0,0,0,0,0,0,0,0
REEF1875,0,0,0,0,0,0,0,0,0,0,0,0,0,0,0,0
REEF1876,0,0,0,0,0,0,0,0,0,0,0,0,0,0,0,8
REEF1877,0,0,0,0,0,0,0,0,0,0,0,0,0,0,8,0
REEF1878,0,0,0,0,0,0,0,0,0,0,0,0,0,8,0,0
REEF1879,0,0,0,0,0,0,0,0,0,0,0,0,8,0,0,0
REEF1880,0,0,0,0,0,0,0,0,0,0,0,8,0,0,0,0
REEF1881,0,0,0,0,0,0,0,0,0,0,8,0,0,0,0,0
REEF1882,0,0,0,0,0,0,0,0,0,8,0,0,0,0,0,0
REEF1883,0,0,0,0,0,0,0,0,8,0,0,0,0,0,0,0
REEF1884,0,0,0,0,0,0,0,8,0,0,0,0,0,0,0,0
REEF1885,0,0,0,0,0,0,8,0,0,0,0,0,0,0,0,0
REEF1886,0,0,0,0,0,8,0,0,0,0,0,0,0,0,0,0
REEF1887,0,0,0,0,8,0,0,0,0,0,0,0,0,0,0,0
REEF1888,0,0,0,8,0,0,0,0,0,0,0,0,0,0,0,0
REEF1889,0,0,8,0,0,0,0,0,0,0,0,0,0,0,0,0
REEF1890,0,0,0,0,0,0,0,0,0,0,0,0,0,0,0,0
REEF1891,0,0,0,0,0,0,0,0,0,0,0,0,0,0,0,8
REEF1892,0,0,0,0,0,0,0,0,0,0,0,0,0,0,8,0
REEF1893,0,0,0,0,0,0,0,0,0,0,0,0,0,8,0,0
REEF1894,0,0,0,0,0,0,0,0,0,0,0,0,8,0,0,0
REEF1895,0,0,0,0,0,0,0,0,0,0,0,8,0,0,0,0
REEF1896,0,0,0,0,0,0,0,0,0,0,8,0,0,0,0,0
REEF1897,0,0,0,0,0,0,0,0,0,8,0,0,0,0,0,0
REEF1898,0,0,0,0,0,0,0,0,8,0,0,0,0,0,0,0
REEF1899,0,0,0,0,0,0,0,8,0,0,0,0,0,0,0,0
REEF1900,0,0,0,0,0,0,8,0,0,0,0,0,0,0,0,0
REEF1901,0,0,0,0,0,8,0,0,0,0,0,0,0,0,0,0
REEF1902,0,0,0,0,8,0,0,0,0,0,0,0,0,0,0,0
REEF1903,0,0,0,8,0,0,0,0,0,0,0,0,0,0,0,0
REEF1904,0,0,8,0,0,0,0,0,0,0,0,0,0,0,0,0
REEF1905,0,0,0,0,0,0,0,0,0,0,0,0,0,0,0,0
REEF1906,0,0,0,0,0,0,0,0,0,0,0,0,0,0,0,8
REEF1907,0,0,0,0,0,0,0,0,0,0,0,0,0,0,8,0
REEF1908,0,0,0,0,0,0,0,0,0,0,0,0,0,8,0,0
REEF1909,0,0,0,0,0,0,0,0,0,0,0,0,8,0,0,0
REEF1910,0,0,0,0,0,0,0,0,0,0,0,8,0,0,0,0
REEF1911,0,0,0,0,0,0,0,0,0,0,8,0,0,0,0,0
REEF1912,0,0,0,0,0,0,0,0,0,8,0,0,0,0,0,0
REEF1913,0,0,0,0,0,0,0,0,8,0,0,0,0,0,0,0
REEF1914,0,0,0,0,0,0,0,8,0,0,0,0,0,0,0,0
REEF1915,0,0,0,0,0,0,8,0,0,0,0,0,0,0,0,0
REEF1916,0,0,0,0,0,8,0,0,0,0,0,0,0,0,0,0
REEF1917,0,0,0,0,8,0,0,0,0,0,0,0,0,0,0,0
REEF1918,0,0,0,8,0,0,0,0,0,0,0,0,0,0,0,0
REEF1919,0,0,8,0,0,0,0,0,0,0,0,0,0,0,0,0
REEF1920,0,0,0,0,0,0,0,0,0,0,0,0,0,0,0,0
REEF1921,0,0,0,0,0,0,0,0,0,0,0,0,0,0,0,8
REEF1922,0,0,0,0,0,0,0,0,0,0,0,0,0,0,8,0
REEF1923,0,0,0,0,0,0,0,0,0,0,0,0,0,8,0,0
REEF1924,0,0,0,0,0,0,0,0,0,0,0,0,8,0,0,0
REEF1925,0,0,0,0,0,0,0,0,0,0,0,8,0,0,0,0
REEF1926,0,0,0,0,0,0,0,0,0,0,8,0,0,0,0,0
REEF1927,0,0,0,0,0,0,0,0,0,8,0,0,0,0,0,0
REEF1928,0,0,0,0,0,0,0,0,8,0,0,0,0,0,0,0
REEF1929,0,0,0,0,0,0,0,8,0,0,0,0,0,0,0,0
REEF1930,0,0,0,0,0,0,8,0,0,0,0,0,0,0,0,0
REEF1931,0,0,0,0,0,8,0,0,0,0,0,0,0,0,0,0
REEF1932,0,0,0,0,8,0,0,0,0,0,0,0,0,0,0,0
REEF1933,0,0,0,8,0,0,0,0,0,0,0,0,0,0,0,0
REEF1934,0,0,8,0,0,0,0,0,0,0,0,0,0,0,0,0
REEF1935,0,0,0,0,0,0,0,0,0,0,0,0,0,0,0,0
REEF1936,0,0,0,0,0,0,0,0,0,0,0,0,0,0,0,8
REEF1937,0,0,0,0,0,0,0,0,0,0,0,0,0,0,8,0
REEF1938,0,0,0,0,0,0,0,0,0,0,0,0,0,8,0,0
REEF1939,0,0,0,0,0,0,0,0,0,0,0,0,8,0,0,0
REEF1940,0,0,0,0,0,0,0,0,0,0,0,8,0,0,0,0
REEF1941,0,0,0,0,0,0,0,0,0,0,8,0,0,0,0,0
REEF1942,0,0,0,0,0,0,0,0,0,8,0,0,0,0,0,0
REEF1943,0,0,0,0,0,0,0,0,8,0,0,0,0,0,0,0
REEF1944,0,0,0,0,0,0,0,8,0,0,0,0,0,0,0,0
REEF1945,0,0,0,0,0,0,8,0,0,0,0,0,0,0,0,0
REEF1946,0,0,0,0,0,8,0,0,0,0,0,0,0,0,0,0
REEF1947,0,0,0,0,8,0,0,0,0,0,0,0,0,0,0,0
REEF1948,0,0,0,8,0,0,0,0,0,0,0,0,0,0,0,0
REEF1949,0,0,8,0,0,0,0,0,0,0,0,0,0,0,0,0
REEF1950,0,0,0,0,0,0,0,0,0,0,0,0,0,0,0,0
REEF1951,0,0,0,0,0,0,0,0,0,0,0,0,0,0,0,8
REEF1952,0,0,0,0,0,0,0,0,0,0,0,0,0,0,8,0
REEF1953,0,0,0,0,0,0,0,0,0,0,0,0,0,8,0,0
REEF1954,0,0,0,0,0,0,0,0,0,0,0,0,8,0,0,0
REEF1955,0,0,0,0,0,0,0,0,0,0,0,8,0,0,0,0
REEF1956,0,0,0,0,0,0,0,0,0,0,8,0,0,0,0,0
REEF1957,0,0,0,0,0,0,0,0,0,8,0,0,0,0,0,0
REEF1958,0,0,0,0,0,0,0,0,8,0,0,0,0,0,0,0
REEF1959,0,0,0,0,0,0,0,8,0,0,0,0,0,0,0,0
REEF1960,0,0,0,0,0,0,8,0,0,0,0,0,0,0,0,0
REEF1961,0,0,0,0,0,8,0,0,0,0,0,0,0,0,0,0
REEF1962,0,0,0,0,8,0,0,0,0,0,0,0,0,0,0,0
REEF1963,0,0,0,8,0,0,0,0,0,0,0,0,0,0,0,0
REEF1964,0,0,8,0,0,0,0,0,0,0,0,0,0,0,0,0
REEF1965,0,0,0,0,0,0,0,0,0,0,0,0,0,0,0,0
REEF1966,0,0,0,0,0,0,0,0,0,0,0,0,0,0,0,8
REEF1967,0,0,0,0,0,0,0,0,0,0,0,0,0,0,8,0
REEF1968,0,0,0,0,0,0,0,0,0,0,0,0,0,8,0,0
REEF1969,0,0,0,0,0,0,0,0,0,0,0,0,8,0,0,0
REEF1970,0,0,0,0,0,0,0,0,0,0,0,8,0,0,0,0
REEF1971,0,0,0,0,0,0,0,0,0,0,8,0,0,0,0,0
REEF1972,0,0,0,0,0,0,0,0,0,8,0,0,0,0,0,0
REEF1973,0,0,0,0,0,0,0,0,8,0,0,0,0,0,0,0
REEF1974,0,0,0,0,0,0,0,8,0,0,0,0,0,0,0,0
REEF1975,0,0,0,0,0,0,8,0,0,0,0,0,0,0,0,0
REEF1976,0,0,0,0,0,8,0,0,0,0,0,0,0,0,0,0
REEF1977,0,0,0,0,8,0,0,0,0,0,0,0,0,0,0,0
REEF1978,0,0,0,8,0,0,0,0,0,0,0,0,0,0,0,0
REEF1979,0,0,8,0,0,0,0,0,0,0,0,0,0,0,0,0
REEF1980,0,0,0,0,0,0,0,0,0,0,0,0,0,0,0,0
REEF1981,0,0,0,0,0,0,0,0,0,0,0,0,0,0,0,8
REEF1982,0,0,0,0,0,0,0,0,0,0,0,0,0,0,8,0
REEF1983,0,0,0,0,0,0,0,0,0,0,0,0,0,8,0,0
REEF1984,0,0,0,0,0,0,0,0,0,0,0,0,8,0,0,0
REEF1985,0,0,0,0,0,0,0,0,0,0,0,8,0,0,0,0
REEF1986,0,0,0,0,0,0,0,0,0,0,8,0,0,0,0,0
REEF1987,0,0,0,0,0,0,0,0,0,8,0,0,0,0,0,0
REEF1988,0,0,0,0,0,0,0,0,8,0,0,0,0,0,0,0
REEF1989,0,0,0,0,0,0,0,8,0,0,0,0,0,0,0,0
REEF1990,0,0,0,0,0,0,8,0,0,0,0,0,0,0,0,0
REEF1991,0,0,0,0,0,8,0,0,0,0,0,0,0,0,0,0
REEF1992,0,0,0,0,8,0,0,0,0,0,0,0,0,0,0,0
REEF1993,0,0,0,8,0,0,0,0,0,0,0,0,0,0,0,0
REEF1994,0,0,8,0,0,0,0,0,0,0,0,0,0,0,0,0
REEF1995,0,0,0,0,0,0,0,0,0,0,0,0,0,0,0,0
REEF1996,0,0,0,0,0,0,0,0,0,0,0,0,0,0,0,8
REEF1997,0,0,0,0,0,0,0,0,0,0,0,0,0,0,8,0
REEF1998,0,0,0,0,0,0,0,0,0,0,0,0,0,8,0,0
REEF1999,0,0,0,0,0,0,0,0,0,0,0,0,8,0,0,0
REEF2000,0,0,0,0,0,0,0,0,0,0,0,8,0,0,0,0
REEF2001,0,0,0,0,0,0,0,0,0,0,8,0,0,0,0,0
REEF2002,0,0,0,0,0,0,0,0,0,8,0,0,0,0,0,0
REEF2003,0,0,0,0,0,0,0,0,8,0,0,0,0,0,0,0
REEF2004,0,0,0,0,0,0,0,8,0,0,0,0,0,0,0,0
REEF2005,0,0,0,0,0,0,8,0,0,0,0,0,0,0,0,0
REEF2006,0,0,0,0,0,8,0,0,0,0,0,0,0,0,0,0
REEF2007,0,0,0,0,8,0,0,0,0,0,0,0,0,0,0,0
REEF2008,0,0,0,8,0,0,0,0,0,0,0,0,0,0,0,0
REEF2009,0,0,8,0,0,0,0,0,0,0,0,0,0,0,0,0
REEF2010,0,0,0,0,0,0,0,0,0,0,0,0,0,0,0,0
REEF2011,0,0,0,0,0,0,0,0,0,0,0,0,0,0,0,8
REEF2012,0,0,0,0,0,0,0,0,0,0,0,0,0,0,8,0
REEF2013,0,0,0,0,0,0,0,0,0,0,0,0,0,8,0,0
REEF2014,0,0,0,0,0,0,0,0,0,0,0,0,8,0,0,0
REEF2015,0,0,0,0,0,0,0,0,0,0,0,8,0,0,0,0
REEF2016,0,0,0,0,0,0,0,0,0,0,8,0,0,0,0,0
REEF2017,0,0,0,0,0,0,0,0,0,8,0,0,0,0,0,0
REEF2018,0,0,0,0,0,0,0,0,8,0,0,0,0,0,0,0
REEF2019,0,0,0,0,0,0,0,8,0,0,0,0,0,0,0,0
REEF2020,0,0,0,0,0,0,8,0,0,0,0,0,0,0,0,0
REEF2021,0,0,0,0,0,8,0,0,0,0,0,0,0,0,0,0
REEF2022,0,0,0,0,8,0,0,0,0,0,0,0,0,0,0,0
REEF2023,0,0,0,8,0,0,0,0,0,0,0,0,0,0,0,0
REEF2024,0,0,8,0,0,0,0,0,0,0,0,0,0,0,0,0
REEF2025,0,0,0,0,0,0,0,0,0,0,0,0,0,0,0,0
REEF2026,0,0,0,0,0,0,0,0,0,0,0,0,0,0,0,8
REEF2027,0,0,0,0,0,0,0,0,0,0,0,0,0,0,8,0
REEF2028,0,0,0,0,0,0,0,0,0,0,0,0,0,8,0,0
REEF2029,0,0,0,0,0,0,0,0,0,0,0,0,8,0,0,0
REEF2030,0,0,0,0,0,0,0,0,0,0,0,8,0,0,0,0
REEF2031,0,0,0,0,0,0,0,0,0,0,8,0,0,0,0,0
REEF2032,0,0,0,0,0,0,0,0,0,8,0,0,0,0,0,0
REEF2033,0,0,0,0,0,0,0,0,8,0,0,0,0,0,0,0
REEF2034,0,0,0,0,0,0,0,8,0,0,0,0,0,0,0,0
REEF2035,0,0,0,0,0,0,8,0,0,0,0,0,0,0,0,0
REEF2036,0,0,0,0,0,8,0,0,0,0,0,0,0,0,0,0
REEF2037,0,0,0,0,8,0,0,0,0,0,0,0,0,0,0,0
REEF2038,0,0,0,8,0,0,0,0,0,0,0,0,0,0,0,0
REEF2039,0,0,8,0,0,0,0,0,0,0,0,0,0,0,0,0
REEF2040,0,0,0,0,0,0,0,0,0,0,0,0,0,0,0,0
REEF2041,0,0,0,0,0,0,0,0,0,0,0,0,0,0,0,8
REEF2042,0,0,0,0,0,0,0,0,0,0,0,0,0,0,8,0
REEF2043,0,0,0,0,0,0,0,0,0,0,0,0,0,8,0,0
REEF2044,0,0,0,0,0,0,0,0,0,0,0,0,8,0,0,0
REEF2045,0,0,0,0,0,0,0,0,0,0,0,8,0,0,0,0
REEF2046,0,0,0,0,0,0,0,0,0,0,8,0,0,0,0,0
REEF2047,0,0,0,0,0,0,0,0,0,8,0,0,0,0,0,0
REEF2048,0,0,0,0,0,0,0,0,8,0,0,0,0,0,0,0
REEF2049,0,0,0,0,0,0,0,8,0,0,0,0,0,0,0,0
REEF2050,0,0,0,0,0,0,8,0,0,0,0,0,0,0,0,0
REEF2051,0,0,0,0,0,8,0,0,0,0,0,0,0,0,0,0
REEF2052,0,0,0,0,8,0,0,0,0,0,0,0,0,0,0,0
REEF2053,0,0,0,8,0,0,0,0,0,0,0,0,0,0,0,0
REEF2054,0,0,8,0,0,0,0,0,0,0,0,0,0,0,0,0
REEF2055,0,0,0,0,0,0,0,0,0,0,0,0,0,0,0,0
REEF2056,0,0,0,0,0,0,0,0,0,0,0,0,0,0,0,8
REEF2057,0,0,0,0,0,0,0,0,0,0,0,0,0,0,8,0
REEF2058,0,0,0,0,0,0,0,0,0,0,0,0,0,8,0,0
REEF2059,0,0,0,0,0,0,0,0,0,0,0,0,8,0,0,0
REEF2060,0,0,0,0,0,0,0,0,0,0,0,8,0,0,0,0
REEF2061,0,0,0,0,0,0,0,0,0,0,8,0,0,0,0,0
REEF2062,0,0,0,0,0,0,0,0,0,8,0,0,0,0,0,0
REEF2063,0,0,0,0,0,0,0,0,8,0,0,0,0,0,0,0
REEF2064,0,0,0,0,0,0,0,8,0,0,0,0,0,0,0,0
REEF2065,0,0,0,0,0,0,8,0,0,0,0,0,0,0,0,0
REEF2066,0,0,0,0,0,8,0,0,0,0,0,0,0,0,0,0
REEF2067,0,0,0,0,8,0,0,0,0,0,0,0,0,0,0,0
REEF2068,0,0,0,8,0,0,0,0,0,0,0,0,0,0,0,0
REEF2069,0,0,8,0,0,0,0,0,0,0,0,0,0,0,0,0
REEF2070,0,0,0,0,0,0,0,0,0,0,0,0,0,0,0,0
REEF2071,0,0,0,0,0,0,0,0,0,0,0,0,0,0,0,8
REEF2072,0,0,0,0,0,0,0,0,0,0,0,0,0,0,8,0
REEF2073,0,0,0,0,0,0,0,0,0,0,0,0,0,8,0,0
REEF2074,0,0,0,0,0,0,0,0,0,0,0,0,8,0,0,0
REEF2075,0,0,0,0,0,0,0,0,0,0,0,8,0,0,0,0
REEF2076,0,0,0,0,0,0,0,0,0,0,8,0,0,0,0,0
REEF2077,0,0,0,0,0,0,0,0,0,8,0,0,0,0,0,0
REEF2078,0,0,0,0,0,0,0,0,8,0,0,0,0,0,0,0
REEF2079,0,0,0,0,0,0,0,8,0,0,0,0,0,0,0,0
REEF2080,0,0,0,0,0,0,8,0,0,0,0,0,0,0,0,0
REEF2081,0,0,0,0,0,8,0,0,0,0,0,0,0,0,0,0
REEF2082,0,0,0,0,8,0,0,0,0,0,0,0,0,0,0,0
REEF2083,0,0,0,8,0,0,0,0,0,0,0,0,0,0,0,0
REEF2084,0,0,8,0,0,0,0,0,0,0,0,0,0,0,0,0
REEF2085,0,0,0,0,0,0,0,0,0,0,0,0,0,0,0,0
REEF2086,0,0,0,0,0,0,0,0,0,0,0,0,0,0,0,8
REEF2087,0,0,0,0,0,0,0,0,0,0,0,0,0,0,8,0
REEF2088,0,0,0,0,0,0,0,0,0,0,0,0,0,8,0,0
REEF2089,0,0,0,0,0,0,0,0,0,0,0,0,8,0,0,0
REEF2090,0,0,0,0,0,0,0,0,0,0,0,8,0,0,0,0
REEF2091,0,0,0,0,0,0,0,0,0,0,8,0,0,0,0,0
REEF2092,0,0,0,0,0,0,0,0,0,8,0,0,0,0,0,0
REEF2093,0,0,0,0,0,0,0,0,8,0,0,0,0,0,0,0
REEF2094,0,0,0,0,0,0,0,8,0,0,0,0,0,0,0,0
REEF2095,0,0,0,0,0,0,8,0,0,0,0,0,0,0,0,0
REEF2096,0,0,0,0,0,8,0,0,0,0,0,0,0,0,0,0
REEF2097,0,0,0,0,8,0,0,0,0,0,0,0,0,0,0,0
REEF2098,0,0,0,8,0,0,0,0,0,0,0,0,0,0,0,0
REEF2099,0,0,8,0,0,0,0,0,0,0,0,0,0,0,0,0
REEF2100,0,0,0,0,0,0,0,0,0,0,0,0,0,0,0,0
REEF2101,0,0,0,0,0,0,0,0,0,0,0,0,0,0,0,8
REEF2102,0,0,0,0,0,0,0,0,0,0,0,0,0,0,8,0
REEF2103,0,0,0,0,0,0,0,0,0,0,0,0,0,8,0,0
REEF2104,0,0,0,0,0,0,0,0,0,0,0,0,8,0,0,0
REEF2105,0,0,0,0,0,0,0,0,0,0,0,8,0,0,0,0
REEF2106,0,0,0,0,0,0,0,0,0,0,8,0,0,0,0,0
REEF2107,0,0,0,0,0,0,0,0,0,8,0,0,0,0,0,0
REEF2108,0,0,0,0,0,0,0,0,8,0,0,0,0,0,0,0
REEF2109,0,0,0,0,0,0,0,8,0,0,0,0,0,0,0,0
REEF2110,0,0,0,0,0,0,8,0,0,0,0,0,0,0,0,0
REEF2111,0,0,0,0,0,8,0,0,0,0,0,0,0,0,0,0
REEF2112,0,0,0,0,8,0,0,0,0,0,0,0,0,0,0,0
REEF2113,0,0,0,8,0,0,0,0,0,0,0,0,0,0,0,0
REEF2114,0,0,8,0,0,0,0,0,0,0,0,0,0,0,0,0
REEF2115,0,0,0,0,0,0,0,0,0,0,0,0,0,0,0,0
REEF2116,0,0,0,0,0,0,0,0,0,0,0,0,0,0,0,8
REEF2117,0,0,0,0,0,0,0,0,0,0,0,0,0,0,8,0
REEF2118,0,0,0,0,0,0,0,0,0,0,0,0,0,8,0,0
REEF2119,0,0,0,0,0,0,0,0,0,0,0,0,8,0,0,0
REEF2120,0,0,0,0,0,0,0,0,0,0,0,8,0,0,0,0
REEF2121,0,0,0,0,0,0,0,0,0,0,8,0,0,0,0,0
REEF2122,0,0,0,0,0,0,0,0,0,8,0,0,0,0,0,0
REEF2123,0,0,0,0,0,0,0,0,8,0,0,0,0,0,0,0
REEF2124,0,0,0,0,0,0,0,8,0,0,0,0,0,0,0,0
REEF2125,0,0,0,0,0,0,8,0,0,0,0,0,0,0,0,0
REEF2126,0,0,0,0,0,8,0,0,0,0,0,0,0,0,0,0
REEF2127,0,0,0,0,8,0,0,0,0,0,0,0,0,0,0,0
REEF2128,0,0,0,8,0,0,0,0,0,0,0,0,0,0,0,0
REEF2129,0,0,8,0,0,0,0,0,0,0,0,0,0,0,0,0
REEF2130,0,0,0,0,0,0,0,0,0,0,0,0,0,0,0,0
REEF2131,0,0,0,0,0,0,0,0,0,0,0,0,0,0,0,8
REEF2132,0,0,0,0,0,0,0,0,0,0,0,0,0,0,8,0
REEF2133,0,0,0,0,0,0,0,0,0,0,0,0,0,8,0,0
REEF2134,0,0,0,0,0,0,0,0,0,0,0,0,8,0,0,0
REEF2135,0,0,0,0,0,0,0,0,0,0,0,8,0,0,0,0
REEF2136,0,0,0,0,0,0,0,0,0,0,8,0,0,0,0,0
REEF2137,0,0,0,0,0,0,0,0,0,8,0,0,0,0,0,0
REEF2138,0,0,0,0,0,0,0,0,8,0,0,0,0,0,0,0
REEF2139,0,0,0,0,0,0,0,8,0,0,0,0,0,0,0,0
REEF2140,0,0,0,0,0,0,8,0,0,0,0,0,0,0,0,0
REEF2141,0,0,0,0,0,8,0,0,0,0,0,0,0,0,0,0
REEF2142,0,0,0,0,8,0,0,0,0,0,0,0,0,0,0,0
REEF2143,0,0,0,8,0,0,0,0,0,0,0,0,0,0,0,0
REEF2144,0,0,8,0,0,0,0,0,0,0,0,0,0,0,0,0
REEF2145,0,0,0,0,0,0,0,0,0,0,0,0,0,0,0,0
REEF2146,0,0,0,0,0,0,0,0,0,0,0,0,0,0,0,8
REEF2147,0,0,0,0,0,0,0,0,0,0,0,0,0,0,8,0
REEF2148,0,0,0,0,0,0,0,0,0,0,0,0,0,8,0,0
REEF2149,0,0,0,0,0,0,0,0,0,0,0,0,8,0,0,0
REEF2150,0,0,0,0,0,0,0,0,0,0,0,8,0,0,0,0
REEF2151,0,0,0,0,0,0,0,0,0,0,8,0,0,0,0,0
REEF2152,0,0,0,0,0,0,0,0,0,8,0,0,0,0,0,0
REEF2153,0,0,0,0,0,0,0,0,8,0,0,0,0,0,0,0
REEF2154,0,0,0,0,0,0,0,8,0,0,0,0,0,0,0,0
REEF2155,0,0,0,0,0,0,8,0,0,0,0,0,0,0,0,0
REEF2156,0,0,0,0,0,8,0,0,0,0,0,0,0,0,0,0
REEF2157,0,0,0,0,8,0,0,0,0,0,0,0,0,0,0,0
REEF2158,0,0,0,8,0,0,0,0,0,0,0,0,0,0,0,0
REEF2159,0,0,8,0,0,0,0,0,0,0,0,0,0,0,0,0
REEF2160,0,0,0,0,0,0,0,0,0,0,0,0,0,0,0,0
