id,2011
REEF1,0.276816645016273
REEF2,0.276816645016273
REEF3,0.276816645016273
REEF4,0.276816645016273
REEF5,0.276816645016273
REEF6,0.276816645016273
REEF7,0.276816645016273
REEF8,0.276816645016273
REEF9,0.276816645016273
REEF10,0.276816645016273
REEF11,0.276816645016273
REEF12,0.276816645016273
REEF13,0.276816645016273
REEF14,0.276816645016273
REEF15,0.276816645016273
REEF16,0.276816645016273
REEF17,0.276816645016273
REEF18,0.276816645016273
REEF19,0.276816645016273
REEF20,0.276816645016273
REEF21,0.276816645016273
REEF22,0.276816645016273
REEF23,0.276816645016273
REEF24,0.276816645016273
REEF25,0.276816645016273
REEF26,0.276816645016273
REEF27,0.276816645016273
REEF28,0.276816645016273
REEF29,0.276816645016273
REEF30,0.276816645016273
REEF31,0.276816645016273
REEF32,0.276816645016273
REEF33,0.276816645016273
REEF34,0.276816645016273
REEF35,0.276816645016273
REEF36,0.276816645016273
REEF37,0.276816645016273
REEF38,0.276816645016273
REEF39,0.276816645016273
REEF40,0.276816645016273
REEF41,0.276816645016273
REEF42,0.276816645016273
REEF43,0.276816645016273
REEF44,0.276816645016273
REEF45,0.276816645016273
REEF46,0.276816645016273
REEF47,0.276816645016273
REEF48,0.276816645016273
REEF49,0.276816645016273
REEF50,0.276816645016273
REEF51,0.276816645016273
REEF52,0.276816645016273
REEF53,0.276816645016273
REEF54,0.276816645016273
REEF55,0.276816645016273
REEF56,0.276816645016273
REEF57,0.276816645016273
REEF58,0.276816645016273
REEF59,0.276816645016273
REEF60,0.276816645016273
REEF61,0.276816645016273
REEF62,0.276816645016273
REEF63,0.276816645016273
REEF64,0.276816645016273
REEF65,0.276816645016273
REEF66,0.276816645016273
REEF67,0.276816645016273
REEF68,0.276816645016273
REEF69,0.276816645016273
REEF70,0.276816645016273
REEF71,0.276816645016273
REEF72,0.276816645016273
REEF73,0.276816645016273
REEF74,0.276816645016273
REEF75,0.276816645016273
REEF76,0.276816645016273
REEF77,0.276816645016273
REEF78,0.276816645016273
REEF79,0.276816645016273
REEF80,0.276816645016273
REEF81,0.276816645016273
REEF82,0.276816645016273
REEF83,0.276816645016273
REEF84,0.276816645016273
REEF85,0.276816645016273
REEF86,0.276816645016273
REEF87,0.276816645016273
REEF88,0.276816645016273
REEF89,0.276816645016273
REEF90,0.276816645016273
REEF91,0.276816645016273
REEF92,0.276816645016273
REEF93,0.276816645016273
REEF94,0.276816645016273
REEF95,0.276816645016273
REEF96,0.276816645016273
REEF97,0.276816645016273
REEF98,0.276816645016273
REEF99,0.276816645016273
REEF100,0.276816645016273
REEF101,0.276816645016273
REEF102,0.276816645016273
REEF103,0.276816645016273
REEF104,0.276816645016273
REEF105,0.276816645016273
REEF106,0.276816645016273
REEF107,0.276816645016273
REEF108,0.276816645016273
REEF109,0.276816645016273
REEF110,0.276816645016273
REEF111,0.276816645016273
REEF112,0.276816645016273
REEF113,0.276816645016273
REEF114,0.276816645016273
REEF115,0.276816645016273
REEF116,0.276816645016273
REEF117,0.276816645016273
REEF118,0.276816645016273
REEF119,0.276816645016273
REEF120,0.276816645016273
REEF121,0.276816645016273
REEF122,0.276816645016273
REEF123,0.276816645016273
REEF124,0.276816645016273
REEF125,0.276816645016273
REEF126,0.276816645016273
REEF127,0.276816645016273
REEF128,0.276816645016273
REEF129,0.276816645016273
REEF130,0.276816645016273
REEF131,0.276816645016273
REEF132,0.276816645016273
REEF133,0.276816645016273
REEF134,0.276816645016273
REEF135,0.276816645016273
REEF136,0.276816645016273
REEF137,0.276816645016273
REEF138,0.276816645016273
REEF139,0.276816645016273
REEF140,0.276816645016273
REEF141,0.276816645016273
REEF142,0.276816645016273
REEF143,0.276816645016273
REEF144,0.276816645016273
REEF145,0.276816645016273
REEF146,0.276816645016273
REEF147,0.276816645016273
REEF148,0.276816645016273
REEF149,0.276816645016273
REEF150,0.276816645016273
REEF151,0.276816645016273
REEF152,0.276816645016273
REEF153,0.276816645016273
REEF154,0.276816645016273
REEF155,0.276816645016273
REEF156,0.276816645016273
REEF157,0.276816645016273
REEF158,0.276816645016273
REEF159,0.276816645016273
REEF160,0.276816645016273
REEF161,0.276816645016273
REEF162,0.276816645016273
REEF163,0.276816645016273
REEF164,0.276816645016273
REEF165,0.276816645016273
REEF166,0.276816645016273
REEF167,0.276816645016273
REEF168,0.276816645016273
REEF169,0.276816645016273
REEF170,0.276816645016273
REEF171,0.276816645016273
REEF172,0.276816645016273
REEF173,0.276816645016273
REEF174,0.276816645016273
REEF175,0.276816645016273
REEF176,0.276816645016273
REEF177,0.276816645016273
REEF178,0.276816645016273
REEF179,0.276816645016273
REEF180,0.276816645016273
REEF181,5.91444067582488
REEF182,5.91444067582488
REEF183,5.91444067582488
REEF184,5.91444067582488
REEF185,5.91444067582488
REEF186,5.91444067582488
REEF187,5.91444067582488
REEF188,5.91444067582488
REEF189,5.91444067582488
REEF190,5.91444067582488
REEF191,5.91444067582488
REEF192,5.91444067582488
REEF193,5.91444067582488
REEF194,5.91444067582488
REEF195,5.91444067582488
REEF196,5.91444067582488
REEF197,5.91444067582488
REEF198,5.91444067582488
REEF199,5.91444067582488
REEF200,5.91444067582488
REEF201,5.91444067582488
REEF202,5.91444067582488
REEF203,5.91444067582488
REEF204,5.91444067582488
REEF205,5.91444067582488
REEF206,5.91444067582488
REEF207,5.91444067582488
REEF208,5.91444067582488
REEF209,5.91444067582488
REEF210,5.91444067582488
REEF211,5.91444067582488
REEF212,5.91444067582488
REEF213,5.91444067582488
REEF214,5.91444067582488
REEF215,5.91444067582488
REEF216,5.91444067582488
REEF217,5.91444067582488
REEF218,5.91444067582488
REEF219,5.91444067582488
REEF220,5.91444067582488
REEF221,5.91444067582488
REEF222,5.91444067582488
REEF223,5.91444067582488
REEF224,5.91444067582488
REEF225,5.91444067582488
REEF226,5.91444067582488
REEF227,5.91444067582488
REEF228,5.91444067582488
REEF229,5.91444067582488
REEF230,5.91444067582488
REEF231,5.91444067582488
REEF232,5.91444067582488
REEF233,5.91444067582488
REEF234,5.91444067582488
REEF235,5.91444067582488
REEF236,5.91444067582488
REEF237,5.91444067582488
REEF238,5.91444067582488
REEF239,5.91444067582488
REEF240,5.91444067582488
REEF241,5.91444067582488
REEF242,5.91444067582488
REEF243,5.91444067582488
REEF244,5.91444067582488
REEF245,5.91444067582488
REEF246,5.91444067582488
REEF247,5.91444067582488
REEF248,5.91444067582488
REEF249,5.91444067582488
REEF250,5.91444067582488
REEF251,5.91444067582488
REEF252,5.91444067582488
REEF253,5.91444067582488
REEF254,5.91444067582488
REEF255,5.91444067582488
REEF256,5.91444067582488
REEF257,5.91444067582488
REEF258,5.91444067582488
REEF259,5.91444067582488
REEF260,5.91444067582488
REEF261,5.91444067582488
REEF262,5.91444067582488
REEF263,5.91444067582488
REEF264,5.91444067582488
REEF265,5.91444067582488
REEF266,5.91444067582488
REEF267,5.91444067582488
REEF268,5.91444067582488
REEF269,5.91444067582488
REEF270,5.91444067582488
REEF271,5.91444067582488
REEF272,5.91444067582488
REEF273,5.91444067582488
REEF274,5.91444067582488
REEF275,5.91444067582488
REEF276,5.91444067582488
REEF277,5.91444067582488
REEF278,5.91444067582488
REEF279,5.91444067582488
REEF280,5.91444067582488
REEF281,5.91444067582488
REEF282,5.91444067582488
REEF283,5.91444067582488
REEF284,5.91444067582488
REEF285,5.91444067582488
REEF286,5.91444067582488
REEF287,5.91444067582488
REEF288,5.91444067582488
REEF289,5.91444067582488
REEF290,5.91444067582488
REEF291,5.91444067582488
REEF292,5.91444067582488
REEF293,5.91444067582488
REEF294,5.91444067582488
REEF295,5.91444067582488
REEF296,5.91444067582488
REEF297,5.91444067582488
REEF298,5.91444067582488
REEF299,5.91444067582488
REEF300,5.91444067582488
REEF301,5.91444067582488
REEF302,5.91444067582488
REEF303,5.91444067582488
REEF304,5.91444067582488
REEF305,5.91444067582488
REEF306,5.91444067582488
REEF307,5.91444067582488
REEF308,5.91444067582488
REEF309,5.91444067582488
REEF310,5.91444067582488
REEF311,5.91444067582488
REEF312,5.91444067582488
REEF313,5.91444067582488
REEF314,5.91444067582488
REEF315,5.91444067582488
REEF316,5.91444067582488
REEF317,5.91444067582488
REEF318,5.91444067582488
REEF319,5.91444067582488
REEF320,5.91444067582488
REEF321,5.91444067582488
REEF322,5.91444067582488
REEF323,5.91444067582488
REEF324,5.91444067582488
REEF325,5.91444067582488
REEF326,5.91444067582488
REEF327,5.91444067582488
REEF328,5.91444067582488
REEF329,5.91444067582488
REEF330,5.91444067582488
REEF331,5.91444067582488
REEF332,5.91444067582488
REEF333,5.91444067582488
REEF334,5.91444067582488
REEF335,5.91444067582488
REEF336,5.91444067582488
REEF337,5.91444067582488
REEF338,5.91444067582488
REEF339,5.91444067582488
REEF340,5.91444067582488
REEF341,5.91444067582488
REEF342,5.91444067582488
REEF343,5.91444067582488
REEF344,5.91444067582488
REEF345,5.91444067582488
REEF346,5.91444067582488
REEF347,5.91444067582488
REEF348,5.91444067582488
REEF349,5.91444067582488
REEF350,5.91444067582488
REEF351,5.91444067582488
REEF352,5.91444067582488
REEF353,5.91444067582488
REEF354,5.91444067582488
REEF355,5.91444067582488
REEF356,5.91444067582488
REEF357,5.91444067582488
REEF358,5.91444067582488
REEF359,5.91444067582488
REEF360,5.91444067582488
REEF361,0.276816645016273
REEF362,0.276816645016273
REEF363,0.276816645016273
REEF364,0.276816645016273
REEF365,0.276816645016273
REEF366,0.276816645016273
REEF367,0.276816645016273
REEF368,0.276816645016273
REEF369,0.276816645016273
REEF370,0.276816645016273
REEF371,0.276816645016273
REEF372,0.276816645016273
REEF373,0.276816645016273
REEF374,0.276816645016273
REEF375,0.276816645016273
REEF376,0.276816645016273
REEF377,0.276816645016273
REEF378,0.276816645016273
REEF379,0.276816645016273
REEF380,0.276816645016273
REEF381,0.276816645016273
REEF382,0.276816645016273
REEF383,0.276816645016273
REEF384,0.276816645016273
REEF385,0.276816645016273
REEF386,0.276816645016273
REEF387,0.276816645016273
REEF388,0.276816645016273
REEF389,0.276816645016273
REEF390,0.276816645016273
REEF391,0.276816645016273
REEF392,0.276816645016273
REEF393,0.276816645016273
REEF394,0.276816645016273
REEF395,0.276816645016273
REEF396,0.276816645016273
REEF397,0.276816645016273
REEF398,0.276816645016273
REEF399,0.276816645016273
REEF400,0.276816645016273
REEF401,0.276816645016273
REEF402,0.276816645016273
REEF403,0.276816645016273
REEF404,0.276816645016273
REEF405,0.276816645016273
REEF406,0.276816645016273
REEF407,0.276816645016273
REEF408,0.276816645016273
REEF409,0.276816645016273
REEF410,0.276816645016273
REEF411,0.276816645016273
REEF412,0.276816645016273
REEF413,0.276816645016273
REEF414,0.276816645016273
REEF415,0.276816645016273
REEF416,0.276816645016273
REEF417,0.276816645016273
REEF418,0.276816645016273
REEF419,0.276816645016273
REEF420,0.276816645016273
REEF421,0.276816645016273
REEF422,0.276816645016273
REEF423,0.276816645016273
REEF424,0.276816645016273
REEF425,0.276816645016273
REEF426,0.276816645016273
REEF427,0.276816645016273
REEF428,0.276816645016273
REEF429,0.276816645016273
REEF430,0.276816645016273
REEF431,0.276816645016273
REEF432,0.276816645016273
REEF433,0.276816645016273
REEF434,0.276816645016273
REEF435,0.276816645016273
REEF436,0.276816645016273
REEF437,0.276816645016273
REEF438,0.276816645016273
REEF439,0.276816645016273
REEF440,0.276816645016273
REEF441,0.276816645016273
REEF442,0.276816645016273
REEF443,0.276816645016273
REEF444,0.276816645016273
REEF445,0.276816645016273
REEF446,0.276816645016273
REEF447,0.276816645016273
REEF448,0.276816645016273
REEF449,0.276816645016273
REEF450,0.276816645016273
REEF451,0.276816645016273
REEF452,0.276816645016273
REEF453,0.276816645016273
REEF454,0.276816645016273
REEF455,0.276816645016273
REEF456,0.276816645016273
REEF457,0.276816645016273
REEF458,0.276816645016273
REEF459,0.276816645016273
REEF460,0.276816645016273
REEF461,0.276816645016273
REEF462,0.276816645016273
REEF463,0.276816645016273
REEF464,0.276816645016273
REEF465,0.276816645016273
REEF466,0.276816645016273
REEF467,0.276816645016273
REEF468,0.276816645016273
REEF469,0.276816645016273
REEF470,0.276816645016273
REEF471,0.276816645016273
REEF472,0.276816645016273
REEF473,0.276816645016273
REEF474,0.276816645016273
REEF475,0.276816645016273
REEF476,0.276816645016273
REEF477,0.276816645016273
REEF478,0.276816645016273
REEF479,0.276816645016273
REEF480,0.276816645016273
REEF481,0.276816645016273
REEF482,0.276816645016273
REEF483,0.276816645016273
REEF484,0.276816645016273
REEF485,0.276816645016273
REEF486,0.276816645016273
REEF487,0.276816645016273
REEF488,0.276816645016273
REEF489,0.276816645016273
REEF490,0.276816645016273
REEF491,0.276816645016273
REEF492,0.276816645016273
REEF493,0.276816645016273
REEF494,0.276816645016273
REEF495,0.276816645016273
REEF496,0.276816645016273
REEF497,0.276816645016273
REEF498,0.276816645016273
REEF499,0.276816645016273
REEF500,0.276816645016273
REEF501,0.276816645016273
REEF502,0.276816645016273
REEF503,0.276816645016273
REEF504,0.276816645016273
REEF505,0.276816645016273
REEF506,0.276816645016273
REEF507,0.276816645016273
REEF508,0.276816645016273
REEF509,0.276816645016273
REEF510,0.276816645016273
REEF511,0.276816645016273
REEF512,0.276816645016273
REEF513,0.276816645016273
REEF514,0.276816645016273
REEF515,0.276816645016273
REEF516,0.276816645016273
REEF517,0.276816645016273
REEF518,0.276816645016273
REEF519,0.276816645016273
REEF520,0.276816645016273
REEF521,0.276816645016273
REEF522,0.276816645016273
REEF523,0.276816645016273
REEF524,0.276816645016273
REEF525,0.276816645016273
REEF526,0.276816645016273
REEF527,0.276816645016273
REEF528,0.276816645016273
REEF529,0.276816645016273
REEF530,0.276816645016273
REEF531,0.276816645016273
REEF532,0.276816645016273
REEF533,0.276816645016273
REEF534,0.276816645016273
REEF535,0.276816645016273
REEF536,0.276816645016273
REEF537,0.276816645016273
REEF538,0.276816645016273
REEF539,0.276816645016273
REEF540,0.276816645016273
REEF541,5.91444067582488
REEF542,5.91444067582488
REEF543,5.91444067582488
REEF544,5.91444067582488
REEF545,5.91444067582488
REEF546,5.91444067582488
REEF547,5.91444067582488
REEF548,5.91444067582488
REEF549,5.91444067582488
REEF550,5.91444067582488
REEF551,5.91444067582488
REEF552,5.91444067582488
REEF553,5.91444067582488
REEF554,5.91444067582488
REEF555,5.91444067582488
REEF556,5.91444067582488
REEF557,5.91444067582488
REEF558,5.91444067582488
REEF559,5.91444067582488
REEF560,5.91444067582488
REEF561,5.91444067582488
REEF562,5.91444067582488
REEF563,5.91444067582488
REEF564,5.91444067582488
REEF565,5.91444067582488
REEF566,5.91444067582488
REEF567,5.91444067582488
REEF568,5.91444067582488
REEF569,5.91444067582488
REEF570,5.91444067582488
REEF571,5.91444067582488
REEF572,5.91444067582488
REEF573,5.91444067582488
REEF574,5.91444067582488
REEF575,5.91444067582488
REEF576,5.91444067582488
REEF577,5.91444067582488
REEF578,5.91444067582488
REEF579,5.91444067582488
REEF580,5.91444067582488
REEF581,5.91444067582488
REEF582,5.91444067582488
REEF583,5.91444067582488
REEF584,5.91444067582488
REEF585,5.91444067582488
REEF586,5.91444067582488
REEF587,5.91444067582488
REEF588,5.91444067582488
REEF589,5.91444067582488
REEF590,5.91444067582488
REEF591,5.91444067582488
REEF592,5.91444067582488
REEF593,5.91444067582488
REEF594,5.91444067582488
REEF595,5.91444067582488
REEF596,5.91444067582488
REEF597,5.91444067582488
REEF598,5.91444067582488
REEF599,5.91444067582488
REEF600,5.91444067582488
REEF601,5.91444067582488
REEF602,5.91444067582488
REEF603,5.91444067582488
REEF604,5.91444067582488
REEF605,5.91444067582488
REEF606,5.91444067582488
REEF607,5.91444067582488
REEF608,5.91444067582488
REEF609,5.91444067582488
REEF610,5.91444067582488
REEF611,5.91444067582488
REEF612,5.91444067582488
REEF613,5.91444067582488
REEF614,5.91444067582488
REEF615,5.91444067582488
REEF616,5.91444067582488
REEF617,5.91444067582488
REEF618,5.91444067582488
REEF619,5.91444067582488
REEF620,5.91444067582488
REEF621,5.91444067582488
REEF622,5.91444067582488
REEF623,5.91444067582488
REEF624,5.91444067582488
REEF625,5.91444067582488
REEF626,5.91444067582488
REEF627,5.91444067582488
REEF628,5.91444067582488
REEF629,5.91444067582488
REEF630,5.91444067582488
REEF631,5.91444067582488
REEF632,5.91444067582488
REEF633,5.91444067582488
REEF634,5.91444067582488
REEF635,5.91444067582488
REEF636,5.91444067582488
REEF637,5.91444067582488
REEF638,5.91444067582488
REEF639,5.91444067582488
REEF640,5.91444067582488
REEF641,5.91444067582488
REEF642,5.91444067582488
REEF643,5.91444067582488
REEF644,5.91444067582488
REEF645,5.91444067582488
REEF646,5.91444067582488
REEF647,5.91444067582488
REEF648,5.91444067582488
REEF649,5.91444067582488
REEF650,5.91444067582488
REEF651,5.91444067582488
REEF652,5.91444067582488
REEF653,5.91444067582488
REEF654,5.91444067582488
REEF655,5.91444067582488
REEF656,5.91444067582488
REEF657,5.91444067582488
REEF658,5.91444067582488
REEF659,5.91444067582488
REEF660,5.91444067582488
REEF661,5.91444067582488
REEF662,5.91444067582488
REEF663,5.91444067582488
REEF664,5.91444067582488
REEF665,5.91444067582488
REEF666,5.91444067582488
REEF667,5.91444067582488
REEF668,5.91444067582488
REEF669,5.91444067582488
REEF670,5.91444067582488
REEF671,5.91444067582488
REEF672,5.91444067582488
REEF673,5.91444067582488
REEF674,5.91444067582488
REEF675,5.91444067582488
REEF676,5.91444067582488
REEF677,5.91444067582488
REEF678,5.91444067582488
REEF679,5.91444067582488
REEF680,5.91444067582488
REEF681,5.91444067582488
REEF682,5.91444067582488
REEF683,5.91444067582488
REEF684,5.91444067582488
REEF685,5.91444067582488
REEF686,5.91444067582488
REEF687,5.91444067582488
REEF688,5.91444067582488
REEF689,5.91444067582488
REEF690,5.91444067582488
REEF691,5.91444067582488
REEF692,5.91444067582488
REEF693,5.91444067582488
REEF694,5.91444067582488
REEF695,5.91444067582488
REEF696,5.91444067582488
REEF697,5.91444067582488
REEF698,5.91444067582488
REEF699,5.91444067582488
REEF700,5.91444067582488
REEF701,5.91444067582488
REEF702,5.91444067582488
REEF703,5.91444067582488
REEF704,5.91444067582488
REEF705,5.91444067582488
REEF706,5.91444067582488
REEF707,5.91444067582488
REEF708,5.91444067582488
REEF709,5.91444067582488
REEF710,5.91444067582488
REEF711,5.91444067582488
REEF712,5.91444067582488
REEF713,5.91444067582488
REEF714,5.91444067582488
REEF715,5.91444067582488
REEF716,5.91444067582488
REEF717,5.91444067582488
REEF718,5.91444067582488
REEF719,5.91444067582488
REEF720,5.91444067582488
REEF721,0.276816645016273
REEF722,0.276816645016273
REEF723,0.276816645016273
REEF724,0.276816645016273
REEF725,0.276816645016273
REEF726,0.276816645016273
REEF727,0.276816645016273
REEF728,0.276816645016273
REEF729,0.276816645016273
REEF730,0.276816645016273
REEF731,0.276816645016273
REEF732,0.276816645016273
REEF733,0.276816645016273
REEF734,0.276816645016273
REEF735,0.276816645016273
REEF736,0.276816645016273
REEF737,0.276816645016273
REEF738,0.276816645016273
REEF739,0.276816645016273
REEF740,0.276816645016273
REEF741,0.276816645016273
REEF742,0.276816645016273
REEF743,0.276816645016273
REEF744,0.276816645016273
REEF745,0.276816645016273
REEF746,0.276816645016273
REEF747,0.276816645016273
REEF748,0.276816645016273
REEF749,0.276816645016273
REEF750,0.276816645016273
REEF751,0.276816645016273
REEF752,0.276816645016273
REEF753,0.276816645016273
REEF754,0.276816645016273
REEF755,0.276816645016273
REEF756,0.276816645016273
REEF757,0.276816645016273
REEF758,0.276816645016273
REEF759,0.276816645016273
REEF760,0.276816645016273
REEF761,0.276816645016273
REEF762,0.276816645016273
REEF763,0.276816645016273
REEF764,0.276816645016273
REEF765,0.276816645016273
REEF766,0.276816645016273
REEF767,0.276816645016273
REEF768,0.276816645016273
REEF769,0.276816645016273
REEF770,0.276816645016273
REEF771,0.276816645016273
REEF772,0.276816645016273
REEF773,0.276816645016273
REEF774,0.276816645016273
REEF775,0.276816645016273
REEF776,0.276816645016273
REEF777,0.276816645016273
REEF778,0.276816645016273
REEF779,0.276816645016273
REEF780,0.276816645016273
REEF781,0.276816645016273
REEF782,0.276816645016273
REEF783,0.276816645016273
REEF784,0.276816645016273
REEF785,0.276816645016273
REEF786,0.276816645016273
REEF787,0.276816645016273
REEF788,0.276816645016273
REEF789,0.276816645016273
REEF790,0.276816645016273
REEF791,0.276816645016273
REEF792,0.276816645016273
REEF793,0.276816645016273
REEF794,0.276816645016273
REEF795,0.276816645016273
REEF796,0.276816645016273
REEF797,0.276816645016273
REEF798,0.276816645016273
REEF799,0.276816645016273
REEF800,0.276816645016273
REEF801,0.276816645016273
REEF802,0.276816645016273
REEF803,0.276816645016273
REEF804,0.276816645016273
REEF805,0.276816645016273
REEF806,0.276816645016273
REEF807,0.276816645016273
REEF808,0.276816645016273
REEF809,0.276816645016273
REEF810,0.276816645016273
REEF811,0.276816645016273
REEF812,0.276816645016273
REEF813,0.276816645016273
REEF814,0.276816645016273
REEF815,0.276816645016273
REEF816,0.276816645016273
REEF817,0.276816645016273
REEF818,0.276816645016273
REEF819,0.276816645016273
REEF820,0.276816645016273
REEF821,0.276816645016273
REEF822,0.276816645016273
REEF823,0.276816645016273
REEF824,0.276816645016273
REEF825,0.276816645016273
REEF826,0.276816645016273
REEF827,0.276816645016273
REEF828,0.276816645016273
REEF829,0.276816645016273
REEF830,0.276816645016273
REEF831,0.276816645016273
REEF832,0.276816645016273
REEF833,0.276816645016273
REEF834,0.276816645016273
REEF835,0.276816645016273
REEF836,0.276816645016273
REEF837,0.276816645016273
REEF838,0.276816645016273
REEF839,0.276816645016273
REEF840,0.276816645016273
REEF841,0.276816645016273
REEF842,0.276816645016273
REEF843,0.276816645016273
REEF844,0.276816645016273
REEF845,0.276816645016273
REEF846,0.276816645016273
REEF847,0.276816645016273
REEF848,0.276816645016273
REEF849,0.276816645016273
REEF850,0.276816645016273
REEF851,0.276816645016273
REEF852,0.276816645016273
REEF853,0.276816645016273
REEF854,0.276816645016273
REEF855,0.276816645016273
REEF856,0.276816645016273
REEF857,0.276816645016273
REEF858,0.276816645016273
REEF859,0.276816645016273
REEF860,0.276816645016273
REEF861,0.276816645016273
REEF862,0.276816645016273
REEF863,0.276816645016273
REEF864,0.276816645016273
REEF865,0.276816645016273
REEF866,0.276816645016273
REEF867,0.276816645016273
REEF868,0.276816645016273
REEF869,0.276816645016273
REEF870,0.276816645016273
REEF871,0.276816645016273
REEF872,0.276816645016273
REEF873,0.276816645016273
REEF874,0.276816645016273
REEF875,0.276816645016273
REEF876,0.276816645016273
REEF877,0.276816645016273
REEF878,0.276816645016273
REEF879,0.276816645016273
REEF880,0.276816645016273
REEF881,0.276816645016273
REEF882,0.276816645016273
REEF883,0.276816645016273
REEF884,0.276816645016273
REEF885,0.276816645016273
REEF886,0.276816645016273
REEF887,0.276816645016273
REEF888,0.276816645016273
REEF889,0.276816645016273
REEF890,0.276816645016273
REEF891,0.276816645016273
REEF892,0.276816645016273
REEF893,0.276816645016273
REEF894,0.276816645016273
REEF895,0.276816645016273
REEF896,0.276816645016273
REEF897,0.276816645016273
REEF898,0.276816645016273
REEF899,0.276816645016273
REEF900,0.276816645016273
REEF901,5.91444067582488
REEF902,5.91444067582488
REEF903,5.91444067582488
REEF904,5.91444067582488
REEF905,5.91444067582488
REEF906,5.91444067582488
REEF907,5.91444067582488
REEF908,5.91444067582488
REEF909,5.91444067582488
REEF910,5.91444067582488
REEF911,5.91444067582488
REEF912,5.91444067582488
REEF913,5.91444067582488
REEF914,5.91444067582488
REEF915,5.91444067582488
REEF916,5.91444067582488
REEF917,5.91444067582488
REEF918,5.91444067582488
REEF919,5.91444067582488
REEF920,5.91444067582488
REEF921,5.91444067582488
REEF922,5.91444067582488
REEF923,5.91444067582488
REEF924,5.91444067582488
REEF925,5.91444067582488
REEF926,5.91444067582488
REEF927,5.91444067582488
REEF928,5.91444067582488
REEF929,5.91444067582488
REEF930,5.91444067582488
REEF931,5.91444067582488
REEF932,5.91444067582488
REEF933,5.91444067582488
REEF934,5.91444067582488
REEF935,5.91444067582488
REEF936,5.91444067582488
REEF937,5.91444067582488
REEF938,5.91444067582488
REEF939,5.91444067582488
REEF940,5.91444067582488
REEF941,5.91444067582488
REEF942,5.91444067582488
REEF943,5.91444067582488
REEF944,5.91444067582488
REEF945,5.91444067582488
REEF946,5.91444067582488
REEF947,5.91444067582488
REEF948,5.91444067582488
REEF949,5.91444067582488
REEF950,5.91444067582488
REEF951,5.91444067582488
REEF952,5.91444067582488
REEF953,5.91444067582488
REEF954,5.91444067582488
REEF955,5.91444067582488
REEF956,5.91444067582488
REEF957,5.91444067582488
REEF958,5.91444067582488
REEF959,5.91444067582488
REEF960,5.91444067582488
REEF961,5.91444067582488
REEF962,5.91444067582488
REEF963,5.91444067582488
REEF964,5.91444067582488
REEF965,5.91444067582488
REEF966,5.91444067582488
REEF967,5.91444067582488
REEF968,5.91444067582488
REEF969,5.91444067582488
REEF970,5.91444067582488
REEF971,5.91444067582488
REEF972,5.91444067582488
REEF973,5.91444067582488
REEF974,5.91444067582488
REEF975,5.91444067582488
REEF976,5.91444067582488
REEF977,5.91444067582488
REEF978,5.91444067582488
REEF979,5.91444067582488
REEF980,5.91444067582488
REEF981,5.91444067582488
REEF982,5.91444067582488
REEF983,5.91444067582488
REEF984,5.91444067582488
REEF985,5.91444067582488
REEF986,5.91444067582488
REEF987,5.91444067582488
REEF988,5.91444067582488
REEF989,5.91444067582488
REEF990,5.91444067582488
REEF991,5.91444067582488
REEF992,5.91444067582488
REEF993,5.91444067582488
REEF994,5.91444067582488
REEF995,5.91444067582488
REEF996,5.91444067582488
REEF997,5.91444067582488
REEF998,5.91444067582488
REEF999,5.91444067582488
REEF1000,5.91444067582488
REEF1001,5.91444067582488
REEF1002,5.91444067582488
REEF1003,5.91444067582488
REEF1004,5.91444067582488
REEF1005,5.91444067582488
REEF1006,5.91444067582488
REEF1007,5.91444067582488
REEF1008,5.91444067582488
REEF1009,5.91444067582488
REEF1010,5.91444067582488
REEF1011,5.91444067582488
REEF1012,5.91444067582488
REEF1013,5.91444067582488
REEF1014,5.91444067582488
REEF1015,5.91444067582488
REEF1016,5.91444067582488
REEF1017,5.91444067582488
REEF1018,5.91444067582488
REEF1019,5.91444067582488
REEF1020,5.91444067582488
REEF1021,5.91444067582488
REEF1022,5.91444067582488
REEF1023,5.91444067582488
REEF1024,5.91444067582488
REEF1025,5.91444067582488
REEF1026,5.91444067582488
REEF1027,5.91444067582488
REEF1028,5.91444067582488
REEF1029,5.91444067582488
REEF1030,5.91444067582488
REEF1031,5.91444067582488
REEF1032,5.91444067582488
REEF1033,5.91444067582488
REEF1034,5.91444067582488
REEF1035,5.91444067582488
REEF1036,5.91444067582488
REEF1037,5.91444067582488
REEF1038,5.91444067582488
REEF1039,5.91444067582488
REEF1040,5.91444067582488
REEF1041,5.91444067582488
REEF1042,5.91444067582488
REEF1043,5.91444067582488
REEF1044,5.91444067582488
REEF1045,5.91444067582488
REEF1046,5.91444067582488
REEF1047,5.91444067582488
REEF1048,5.91444067582488
REEF1049,5.91444067582488
REEF1050,5.91444067582488
REEF1051,5.91444067582488
REEF1052,5.91444067582488
REEF1053,5.91444067582488
REEF1054,5.91444067582488
REEF1055,5.91444067582488
REEF1056,5.91444067582488
REEF1057,5.91444067582488
REEF1058,5.91444067582488
REEF1059,5.91444067582488
REEF1060,5.91444067582488
REEF1061,5.91444067582488
REEF1062,5.91444067582488
REEF1063,5.91444067582488
REEF1064,5.91444067582488
REEF1065,5.91444067582488
REEF1066,5.91444067582488
REEF1067,5.91444067582488
REEF1068,5.91444067582488
REEF1069,5.91444067582488
REEF1070,5.91444067582488
REEF1071,5.91444067582488
REEF1072,5.91444067582488
REEF1073,5.91444067582488
REEF1074,5.91444067582488
REEF1075,5.91444067582488
REEF1076,5.91444067582488
REEF1077,5.91444067582488
REEF1078,5.91444067582488
REEF1079,5.91444067582488
REEF1080,5.91444067582488
REEF1081,0.276816645016273
REEF1082,0.276816645016273
REEF1083,0.276816645016273
REEF1084,0.276816645016273
REEF1085,0.276816645016273
REEF1086,0.276816645016273
REEF1087,0.276816645016273
REEF1088,0.276816645016273
REEF1089,0.276816645016273
REEF1090,0.276816645016273
REEF1091,0.276816645016273
REEF1092,0.276816645016273
REEF1093,0.276816645016273
REEF1094,0.276816645016273
REEF1095,0.276816645016273
REEF1096,0.276816645016273
REEF1097,0.276816645016273
REEF1098,0.276816645016273
REEF1099,0.276816645016273
REEF1100,0.276816645016273
REEF1101,0.276816645016273
REEF1102,0.276816645016273
REEF1103,0.276816645016273
REEF1104,0.276816645016273
REEF1105,0.276816645016273
REEF1106,0.276816645016273
REEF1107,0.276816645016273
REEF1108,0.276816645016273
REEF1109,0.276816645016273
REEF1110,0.276816645016273
REEF1111,0.276816645016273
REEF1112,0.276816645016273
REEF1113,0.276816645016273
REEF1114,0.276816645016273
REEF1115,0.276816645016273
REEF1116,0.276816645016273
REEF1117,0.276816645016273
REEF1118,0.276816645016273
REEF1119,0.276816645016273
REEF1120,0.276816645016273
REEF1121,0.276816645016273
REEF1122,0.276816645016273
REEF1123,0.276816645016273
REEF1124,0.276816645016273
REEF1125,0.276816645016273
REEF1126,0.276816645016273
REEF1127,0.276816645016273
REEF1128,0.276816645016273
REEF1129,0.276816645016273
REEF1130,0.276816645016273
REEF1131,0.276816645016273
REEF1132,0.276816645016273
REEF1133,0.276816645016273
REEF1134,0.276816645016273
REEF1135,0.276816645016273
REEF1136,0.276816645016273
REEF1137,0.276816645016273
REEF1138,0.276816645016273
REEF1139,0.276816645016273
REEF1140,0.276816645016273
REEF1141,0.276816645016273
REEF1142,0.276816645016273
REEF1143,0.276816645016273
REEF1144,0.276816645016273
REEF1145,0.276816645016273
REEF1146,0.276816645016273
REEF1147,0.276816645016273
REEF1148,0.276816645016273
REEF1149,0.276816645016273
REEF1150,0.276816645016273
REEF1151,0.276816645016273
REEF1152,0.276816645016273
REEF1153,0.276816645016273
REEF1154,0.276816645016273
REEF1155,0.276816645016273
REEF1156,0.276816645016273
REEF1157,0.276816645016273
REEF1158,0.276816645016273
REEF1159,0.276816645016273
REEF1160,0.276816645016273
REEF1161,0.276816645016273
REEF1162,0.276816645016273
REEF1163,0.276816645016273
REEF1164,0.276816645016273
REEF1165,0.276816645016273
REEF1166,0.276816645016273
REEF1167,0.276816645016273
REEF1168,0.276816645016273
REEF1169,0.276816645016273
REEF1170,0.276816645016273
REEF1171,0.276816645016273
REEF1172,0.276816645016273
REEF1173,0.276816645016273
REEF1174,0.276816645016273
REEF1175,0.276816645016273
REEF1176,0.276816645016273
REEF1177,0.276816645016273
REEF1178,0.276816645016273
REEF1179,0.276816645016273
REEF1180,0.276816645016273
REEF1181,0.276816645016273
REEF1182,0.276816645016273
REEF1183,0.276816645016273
REEF1184,0.276816645016273
REEF1185,0.276816645016273
REEF1186,0.276816645016273
REEF1187,0.276816645016273
REEF1188,0.276816645016273
REEF1189,0.276816645016273
REEF1190,0.276816645016273
REEF1191,0.276816645016273
REEF1192,0.276816645016273
REEF1193,0.276816645016273
REEF1194,0.276816645016273
REEF1195,0.276816645016273
REEF1196,0.276816645016273
REEF1197,0.276816645016273
REEF1198,0.276816645016273
REEF1199,0.276816645016273
REEF1200,0.276816645016273
REEF1201,0.276816645016273
REEF1202,0.276816645016273
REEF1203,0.276816645016273
REEF1204,0.276816645016273
REEF1205,0.276816645016273
REEF1206,0.276816645016273
REEF1207,0.276816645016273
REEF1208,0.276816645016273
REEF1209,0.276816645016273
REEF1210,0.276816645016273
REEF1211,0.276816645016273
REEF1212,0.276816645016273
REEF1213,0.276816645016273
REEF1214,0.276816645016273
REEF1215,0.276816645016273
REEF1216,0.276816645016273
REEF1217,0.276816645016273
REEF1218,0.276816645016273
REEF1219,0.276816645016273
REEF1220,0.276816645016273
REEF1221,0.276816645016273
REEF1222,0.276816645016273
REEF1223,0.276816645016273
REEF1224,0.276816645016273
REEF1225,0.276816645016273
REEF1226,0.276816645016273
REEF1227,0.276816645016273
REEF1228,0.276816645016273
REEF1229,0.276816645016273
REEF1230,0.276816645016273
REEF1231,0.276816645016273
REEF1232,0.276816645016273
REEF1233,0.276816645016273
REEF1234,0.276816645016273
REEF1235,0.276816645016273
REEF1236,0.276816645016273
REEF1237,0.276816645016273
REEF1238,0.276816645016273
REEF1239,0.276816645016273
REEF1240,0.276816645016273
REEF1241,0.276816645016273
REEF1242,0.276816645016273
REEF1243,0.276816645016273
REEF1244,0.276816645016273
REEF1245,0.276816645016273
REEF1246,0.276816645016273
REEF1247,0.276816645016273
REEF1248,0.276816645016273
REEF1249,0.276816645016273
REEF1250,0.276816645016273
REEF1251,0.276816645016273
REEF1252,0.276816645016273
REEF1253,0.276816645016273
REEF1254,0.276816645016273
REEF1255,0.276816645016273
REEF1256,0.276816645016273
REEF1257,0.276816645016273
REEF1258,0.276816645016273
REEF1259,0.276816645016273
REEF1260,0.276816645016273
REEF1261,5.91444067582488
REEF1262,5.91444067582488
REEF1263,5.91444067582488
REEF1264,5.91444067582488
REEF1265,5.91444067582488
REEF1266,5.91444067582488
REEF1267,5.91444067582488
REEF1268,5.91444067582488
REEF1269,5.91444067582488
REEF1270,5.91444067582488
REEF1271,5.91444067582488
REEF1272,5.91444067582488
REEF1273,5.91444067582488
REEF1274,5.91444067582488
REEF1275,5.91444067582488
REEF1276,5.91444067582488
REEF1277,5.91444067582488
REEF1278,5.91444067582488
REEF1279,5.91444067582488
REEF1280,5.91444067582488
REEF1281,5.91444067582488
REEF1282,5.91444067582488
REEF1283,5.91444067582488
REEF1284,5.91444067582488
REEF1285,5.91444067582488
REEF1286,5.91444067582488
REEF1287,5.91444067582488
REEF1288,5.91444067582488
REEF1289,5.91444067582488
REEF1290,5.91444067582488
REEF1291,5.91444067582488
REEF1292,5.91444067582488
REEF1293,5.91444067582488
REEF1294,5.91444067582488
REEF1295,5.91444067582488
REEF1296,5.91444067582488
REEF1297,5.91444067582488
REEF1298,5.91444067582488
REEF1299,5.91444067582488
REEF1300,5.91444067582488
REEF1301,5.91444067582488
REEF1302,5.91444067582488
REEF1303,5.91444067582488
REEF1304,5.91444067582488
REEF1305,5.91444067582488
REEF1306,5.91444067582488
REEF1307,5.91444067582488
REEF1308,5.91444067582488
REEF1309,5.91444067582488
REEF1310,5.91444067582488
REEF1311,5.91444067582488
REEF1312,5.91444067582488
REEF1313,5.91444067582488
REEF1314,5.91444067582488
REEF1315,5.91444067582488
REEF1316,5.91444067582488
REEF1317,5.91444067582488
REEF1318,5.91444067582488
REEF1319,5.91444067582488
REEF1320,5.91444067582488
REEF1321,5.91444067582488
REEF1322,5.91444067582488
REEF1323,5.91444067582488
REEF1324,5.91444067582488
REEF1325,5.91444067582488
REEF1326,5.91444067582488
REEF1327,5.91444067582488
REEF1328,5.91444067582488
REEF1329,5.91444067582488
REEF1330,5.91444067582488
REEF1331,5.91444067582488
REEF1332,5.91444067582488
REEF1333,5.91444067582488
REEF1334,5.91444067582488
REEF1335,5.91444067582488
REEF1336,5.91444067582488
REEF1337,5.91444067582488
REEF1338,5.91444067582488
REEF1339,5.91444067582488
REEF1340,5.91444067582488
REEF1341,5.91444067582488
REEF1342,5.91444067582488
REEF1343,5.91444067582488
REEF1344,5.91444067582488
REEF1345,5.91444067582488
REEF1346,5.91444067582488
REEF1347,5.91444067582488
REEF1348,5.91444067582488
REEF1349,5.91444067582488
REEF1350,5.91444067582488
REEF1351,5.91444067582488
REEF1352,5.91444067582488
REEF1353,5.91444067582488
REEF1354,5.91444067582488
REEF1355,5.91444067582488
REEF1356,5.91444067582488
REEF1357,5.91444067582488
REEF1358,5.91444067582488
REEF1359,5.91444067582488
REEF1360,5.91444067582488
REEF1361,5.91444067582488
REEF1362,5.91444067582488
REEF1363,5.91444067582488
REEF1364,5.91444067582488
REEF1365,5.91444067582488
REEF1366,5.91444067582488
REEF1367,5.91444067582488
REEF1368,5.91444067582488
REEF1369,5.91444067582488
REEF1370,5.91444067582488
REEF1371,5.91444067582488
REEF1372,5.91444067582488
REEF1373,5.91444067582488
REEF1374,5.91444067582488
REEF1375,5.91444067582488
REEF1376,5.91444067582488
REEF1377,5.91444067582488
REEF1378,5.91444067582488
REEF1379,5.91444067582488
REEF1380,5.91444067582488
REEF1381,5.91444067582488
REEF1382,5.91444067582488
REEF1383,5.91444067582488
REEF1384,5.91444067582488
REEF1385,5.91444067582488
REEF1386,5.91444067582488
REEF1387,5.91444067582488
REEF1388,5.91444067582488
REEF1389,5.91444067582488
REEF1390,5.91444067582488
REEF1391,5.91444067582488
REEF1392,5.91444067582488
REEF1393,5.91444067582488
REEF1394,5.91444067582488
REEF1395,5.91444067582488
REEF1396,5.91444067582488
REEF1397,5.91444067582488
REEF1398,5.91444067582488
REEF1399,5.91444067582488
REEF1400,5.91444067582488
REEF1401,5.91444067582488
REEF1402,5.91444067582488
REEF1403,5.91444067582488
REEF1404,5.91444067582488
REEF1405,5.91444067582488
REEF1406,5.91444067582488
REEF1407,5.91444067582488
REEF1408,5.91444067582488
REEF1409,5.91444067582488
REEF1410,5.91444067582488
REEF1411,5.91444067582488
REEF1412,5.91444067582488
REEF1413,5.91444067582488
REEF1414,5.91444067582488
REEF1415,5.91444067582488
REEF1416,5.91444067582488
REEF1417,5.91444067582488
REEF1418,5.91444067582488
REEF1419,5.91444067582488
REEF1420,5.91444067582488
REEF1421,5.91444067582488
REEF1422,5.91444067582488
REEF1423,5.91444067582488
REEF1424,5.91444067582488
REEF1425,5.91444067582488
REEF1426,5.91444067582488
REEF1427,5.91444067582488
REEF1428,5.91444067582488
REEF1429,5.91444067582488
REEF1430,5.91444067582488
REEF1431,5.91444067582488
REEF1432,5.91444067582488
REEF1433,5.91444067582488
REEF1434,5.91444067582488
REEF1435,5.91444067582488
REEF1436,5.91444067582488
REEF1437,5.91444067582488
REEF1438,5.91444067582488
REEF1439,5.91444067582488
REEF1440,5.91444067582488
REEF1441,0.276816645016273
REEF1442,0.276816645016273
REEF1443,0.276816645016273
REEF1444,0.276816645016273
REEF1445,0.276816645016273
REEF1446,0.276816645016273
REEF1447,0.276816645016273
REEF1448,0.276816645016273
REEF1449,0.276816645016273
REEF1450,0.276816645016273
REEF1451,0.276816645016273
REEF1452,0.276816645016273
REEF1453,0.276816645016273
REEF1454,0.276816645016273
REEF1455,0.276816645016273
REEF1456,0.276816645016273
REEF1457,0.276816645016273
REEF1458,0.276816645016273
REEF1459,0.276816645016273
REEF1460,0.276816645016273
REEF1461,0.276816645016273
REEF1462,0.276816645016273
REEF1463,0.276816645016273
REEF1464,0.276816645016273
REEF1465,0.276816645016273
REEF1466,0.276816645016273
REEF1467,0.276816645016273
REEF1468,0.276816645016273
REEF1469,0.276816645016273
REEF1470,0.276816645016273
REEF1471,0.276816645016273
REEF1472,0.276816645016273
REEF1473,0.276816645016273
REEF1474,0.276816645016273
REEF1475,0.276816645016273
REEF1476,0.276816645016273
REEF1477,0.276816645016273
REEF1478,0.276816645016273
REEF1479,0.276816645016273
REEF1480,0.276816645016273
REEF1481,0.276816645016273
REEF1482,0.276816645016273
REEF1483,0.276816645016273
REEF1484,0.276816645016273
REEF1485,0.276816645016273
REEF1486,0.276816645016273
REEF1487,0.276816645016273
REEF1488,0.276816645016273
REEF1489,0.276816645016273
REEF1490,0.276816645016273
REEF1491,0.276816645016273
REEF1492,0.276816645016273
REEF1493,0.276816645016273
REEF1494,0.276816645016273
REEF1495,0.276816645016273
REEF1496,0.276816645016273
REEF1497,0.276816645016273
REEF1498,0.276816645016273
REEF1499,0.276816645016273
REEF1500,0.276816645016273
REEF1501,0.276816645016273
REEF1502,0.276816645016273
REEF1503,0.276816645016273
REEF1504,0.276816645016273
REEF1505,0.276816645016273
REEF1506,0.276816645016273
REEF1507,0.276816645016273
REEF1508,0.276816645016273
REEF1509,0.276816645016273
REEF1510,0.276816645016273
REEF1511,0.276816645016273
REEF1512,0.276816645016273
REEF1513,0.276816645016273
REEF1514,0.276816645016273
REEF1515,0.276816645016273
REEF1516,0.276816645016273
REEF1517,0.276816645016273
REEF1518,0.276816645016273
REEF1519,0.276816645016273
REEF1520,0.276816645016273
REEF1521,0.276816645016273
REEF1522,0.276816645016273
REEF1523,0.276816645016273
REEF1524,0.276816645016273
REEF1525,0.276816645016273
REEF1526,0.276816645016273
REEF1527,0.276816645016273
REEF1528,0.276816645016273
REEF1529,0.276816645016273
REEF1530,0.276816645016273
REEF1531,0.276816645016273
REEF1532,0.276816645016273
REEF1533,0.276816645016273
REEF1534,0.276816645016273
REEF1535,0.276816645016273
REEF1536,0.276816645016273
REEF1537,0.276816645016273
REEF1538,0.276816645016273
REEF1539,0.276816645016273
REEF1540,0.276816645016273
REEF1541,0.276816645016273
REEF1542,0.276816645016273
REEF1543,0.276816645016273
REEF1544,0.276816645016273
REEF1545,0.276816645016273
REEF1546,0.276816645016273
REEF1547,0.276816645016273
REEF1548,0.276816645016273
REEF1549,0.276816645016273
REEF1550,0.276816645016273
REEF1551,0.276816645016273
REEF1552,0.276816645016273
REEF1553,0.276816645016273
REEF1554,0.276816645016273
REEF1555,0.276816645016273
REEF1556,0.276816645016273
REEF1557,0.276816645016273
REEF1558,0.276816645016273
REEF1559,0.276816645016273
REEF1560,0.276816645016273
REEF1561,0.276816645016273
REEF1562,0.276816645016273
REEF1563,0.276816645016273
REEF1564,0.276816645016273
REEF1565,0.276816645016273
REEF1566,0.276816645016273
REEF1567,0.276816645016273
REEF1568,0.276816645016273
REEF1569,0.276816645016273
REEF1570,0.276816645016273
REEF1571,0.276816645016273
REEF1572,0.276816645016273
REEF1573,0.276816645016273
REEF1574,0.276816645016273
REEF1575,0.276816645016273
REEF1576,0.276816645016273
REEF1577,0.276816645016273
REEF1578,0.276816645016273
REEF1579,0.276816645016273
REEF1580,0.276816645016273
REEF1581,0.276816645016273
REEF1582,0.276816645016273
REEF1583,0.276816645016273
REEF1584,0.276816645016273
REEF1585,0.276816645016273
REEF1586,0.276816645016273
REEF1587,0.276816645016273
REEF1588,0.276816645016273
REEF1589,0.276816645016273
REEF1590,0.276816645016273
REEF1591,0.276816645016273
REEF1592,0.276816645016273
REEF1593,0.276816645016273
REEF1594,0.276816645016273
REEF1595,0.276816645016273
REEF1596,0.276816645016273
REEF1597,0.276816645016273
REEF1598,0.276816645016273
REEF1599,0.276816645016273
REEF1600,0.276816645016273
REEF1601,0.276816645016273
REEF1602,0.276816645016273
REEF1603,0.276816645016273
REEF1604,0.276816645016273
REEF1605,0.276816645016273
REEF1606,0.276816645016273
REEF1607,0.276816645016273
REEF1608,0.276816645016273
REEF1609,0.276816645016273
REEF1610,0.276816645016273
REEF1611,0.276816645016273
REEF1612,0.276816645016273
REEF1613,0.276816645016273
REEF1614,0.276816645016273
REEF1615,0.276816645016273
REEF1616,0.276816645016273
REEF1617,0.276816645016273
REEF1618,0.276816645016273
REEF1619,0.276816645016273
REEF1620,0.276816645016273
REEF1621,5.91444067582488
REEF1622,5.91444067582488
REEF1623,5.91444067582488
REEF1624,5.91444067582488
REEF1625,5.91444067582488
REEF1626,5.91444067582488
REEF1627,5.91444067582488
REEF1628,5.91444067582488
REEF1629,5.91444067582488
REEF1630,5.91444067582488
REEF1631,5.91444067582488
REEF1632,5.91444067582488
REEF1633,5.91444067582488
REEF1634,5.91444067582488
REEF1635,5.91444067582488
REEF1636,5.91444067582488
REEF1637,5.91444067582488
REEF1638,5.91444067582488
REEF1639,5.91444067582488
REEF1640,5.91444067582488
REEF1641,5.91444067582488
REEF1642,5.91444067582488
REEF1643,5.91444067582488
REEF1644,5.91444067582488
REEF1645,5.91444067582488
REEF1646,5.91444067582488
REEF1647,5.91444067582488
REEF1648,5.91444067582488
REEF1649,5.91444067582488
REEF1650,5.91444067582488
REEF1651,5.91444067582488
REEF1652,5.91444067582488
REEF1653,5.91444067582488
REEF1654,5.91444067582488
REEF1655,5.91444067582488
REEF1656,5.91444067582488
REEF1657,5.91444067582488
REEF1658,5.91444067582488
REEF1659,5.91444067582488
REEF1660,5.91444067582488
REEF1661,5.91444067582488
REEF1662,5.91444067582488
REEF1663,5.91444067582488
REEF1664,5.91444067582488
REEF1665,5.91444067582488
REEF1666,5.91444067582488
REEF1667,5.91444067582488
REEF1668,5.91444067582488
REEF1669,5.91444067582488
REEF1670,5.91444067582488
REEF1671,5.91444067582488
REEF1672,5.91444067582488
REEF1673,5.91444067582488
REEF1674,5.91444067582488
REEF1675,5.91444067582488
REEF1676,5.91444067582488
REEF1677,5.91444067582488
REEF1678,5.91444067582488
REEF1679,5.91444067582488
REEF1680,5.91444067582488
REEF1681,5.91444067582488
REEF1682,5.91444067582488
REEF1683,5.91444067582488
REEF1684,5.91444067582488
REEF1685,5.91444067582488
REEF1686,5.91444067582488
REEF1687,5.91444067582488
REEF1688,5.91444067582488
REEF1689,5.91444067582488
REEF1690,5.91444067582488
REEF1691,5.91444067582488
REEF1692,5.91444067582488
REEF1693,5.91444067582488
REEF1694,5.91444067582488
REEF1695,5.91444067582488
REEF1696,5.91444067582488
REEF1697,5.91444067582488
REEF1698,5.91444067582488
REEF1699,5.91444067582488
REEF1700,5.91444067582488
REEF1701,5.91444067582488
REEF1702,5.91444067582488
REEF1703,5.91444067582488
REEF1704,5.91444067582488
REEF1705,5.91444067582488
REEF1706,5.91444067582488
REEF1707,5.91444067582488
REEF1708,5.91444067582488
REEF1709,5.91444067582488
REEF1710,5.91444067582488
REEF1711,5.91444067582488
REEF1712,5.91444067582488
REEF1713,5.91444067582488
REEF1714,5.91444067582488
REEF1715,5.91444067582488
REEF1716,5.91444067582488
REEF1717,5.91444067582488
REEF1718,5.91444067582488
REEF1719,5.91444067582488
REEF1720,5.91444067582488
REEF1721,5.91444067582488
REEF1722,5.91444067582488
REEF1723,5.91444067582488
REEF1724,5.91444067582488
REEF1725,5.91444067582488
REEF1726,5.91444067582488
REEF1727,5.91444067582488
REEF1728,5.91444067582488
REEF1729,5.91444067582488
REEF1730,5.91444067582488
REEF1731,5.91444067582488
REEF1732,5.91444067582488
REEF1733,5.91444067582488
REEF1734,5.91444067582488
REEF1735,5.91444067582488
REEF1736,5.91444067582488
REEF1737,5.91444067582488
REEF1738,5.91444067582488
REEF1739,5.91444067582488
REEF1740,5.91444067582488
REEF1741,5.91444067582488
REEF1742,5.91444067582488
REEF1743,5.91444067582488
REEF1744,5.91444067582488
REEF1745,5.91444067582488
REEF1746,5.91444067582488
REEF1747,5.91444067582488
REEF1748,5.91444067582488
REEF1749,5.91444067582488
REEF1750,5.91444067582488
REEF1751,5.91444067582488
REEF1752,5.91444067582488
REEF1753,5.91444067582488
REEF1754,5.91444067582488
REEF1755,5.91444067582488
REEF1756,5.91444067582488
REEF1757,5.91444067582488
REEF1758,5.91444067582488
REEF1759,5.91444067582488
REEF1760,5.91444067582488
REEF1761,5.91444067582488
REEF1762,5.91444067582488
REEF1763,5.91444067582488
REEF1764,5.91444067582488
REEF1765,5.91444067582488
REEF1766,5.91444067582488
REEF1767,5.91444067582488
REEF1768,5.91444067582488
REEF1769,5.91444067582488
REEF1770,5.91444067582488
REEF1771,5.91444067582488
REEF1772,5.91444067582488
REEF1773,5.91444067582488
REEF1774,5.91444067582488
REEF1775,5.91444067582488
REEF1776,5.91444067582488
REEF1777,5.91444067582488
REEF1778,5.91444067582488
REEF1779,5.91444067582488
REEF1780,5.91444067582488
REEF1781,5.91444067582488
REEF1782,5.91444067582488
REEF1783,5.91444067582488
REEF1784,5.91444067582488
REEF1785,5.91444067582488
REEF1786,5.91444067582488
REEF1787,5.91444067582488
REEF1788,5.91444067582488
REEF1789,5.91444067582488
REEF1790,5.91444067582488
REEF1791,5.91444067582488
REEF1792,5.91444067582488
REEF1793,5.91444067582488
REEF1794,5.91444067582488
REEF1795,5.91444067582488
REEF1796,5.91444067582488
REEF1797,5.91444067582488
REEF1798,5.91444067582488
REEF1799,5.91444067582488
REEF1800,5.91444067582488
REEF1801,0.276816645016273
REEF1802,0.276816645016273
REEF1803,0.276816645016273
REEF1804,0.276816645016273
REEF1805,0.276816645016273
REEF1806,0.276816645016273
REEF1807,0.276816645016273
REEF1808,0.276816645016273
REEF1809,0.276816645016273
REEF1810,0.276816645016273
REEF1811,0.276816645016273
REEF1812,0.276816645016273
REEF1813,0.276816645016273
REEF1814,0.276816645016273
REEF1815,0.276816645016273
REEF1816,0.276816645016273
REEF1817,0.276816645016273
REEF1818,0.276816645016273
REEF1819,0.276816645016273
REEF1820,0.276816645016273
REEF1821,0.276816645016273
REEF1822,0.276816645016273
REEF1823,0.276816645016273
REEF1824,0.276816645016273
REEF1825,0.276816645016273
REEF1826,0.276816645016273
REEF1827,0.276816645016273
REEF1828,0.276816645016273
REEF1829,0.276816645016273
REEF1830,0.276816645016273
REEF1831,0.276816645016273
REEF1832,0.276816645016273
REEF1833,0.276816645016273
REEF1834,0.276816645016273
REEF1835,0.276816645016273
REEF1836,0.276816645016273
REEF1837,0.276816645016273
REEF1838,0.276816645016273
REEF1839,0.276816645016273
REEF1840,0.276816645016273
REEF1841,0.276816645016273
REEF1842,0.276816645016273
REEF1843,0.276816645016273
REEF1844,0.276816645016273
REEF1845,0.276816645016273
REEF1846,0.276816645016273
REEF1847,0.276816645016273
REEF1848,0.276816645016273
REEF1849,0.276816645016273
REEF1850,0.276816645016273
REEF1851,0.276816645016273
REEF1852,0.276816645016273
REEF1853,0.276816645016273
REEF1854,0.276816645016273
REEF1855,0.276816645016273
REEF1856,0.276816645016273
REEF1857,0.276816645016273
REEF1858,0.276816645016273
REEF1859,0.276816645016273
REEF1860,0.276816645016273
REEF1861,0.276816645016273
REEF1862,0.276816645016273
REEF1863,0.276816645016273
REEF1864,0.276816645016273
REEF1865,0.276816645016273
REEF1866,0.276816645016273
REEF1867,0.276816645016273
REEF1868,0.276816645016273
REEF1869,0.276816645016273
REEF1870,0.276816645016273
REEF1871,0.276816645016273
REEF1872,0.276816645016273
REEF1873,0.276816645016273
REEF1874,0.276816645016273
REEF1875,0.276816645016273
REEF1876,0.276816645016273
REEF1877,0.276816645016273
REEF1878,0.276816645016273
REEF1879,0.276816645016273
REEF1880,0.276816645016273
REEF1881,0.276816645016273
REEF1882,0.276816645016273
REEF1883,0.276816645016273
REEF1884,0.276816645016273
REEF1885,0.276816645016273
REEF1886,0.276816645016273
REEF1887,0.276816645016273
REEF1888,0.276816645016273
REEF1889,0.276816645016273
REEF1890,0.276816645016273
REEF1891,0.276816645016273
REEF1892,0.276816645016273
REEF1893,0.276816645016273
REEF1894,0.276816645016273
REEF1895,0.276816645016273
REEF1896,0.276816645016273
REEF1897,0.276816645016273
REEF1898,0.276816645016273
REEF1899,0.276816645016273
REEF1900,0.276816645016273
REEF1901,0.276816645016273
REEF1902,0.276816645016273
REEF1903,0.276816645016273
REEF1904,0.276816645016273
REEF1905,0.276816645016273
REEF1906,0.276816645016273
REEF1907,0.276816645016273
REEF1908,0.276816645016273
REEF1909,0.276816645016273
REEF1910,0.276816645016273
REEF1911,0.276816645016273
REEF1912,0.276816645016273
REEF1913,0.276816645016273
REEF1914,0.276816645016273
REEF1915,0.276816645016273
REEF1916,0.276816645016273
REEF1917,0.276816645016273
REEF1918,0.276816645016273
REEF1919,0.276816645016273
REEF1920,0.276816645016273
REEF1921,0.276816645016273
REEF1922,0.276816645016273
REEF1923,0.276816645016273
REEF1924,0.276816645016273
REEF1925,0.276816645016273
REEF1926,0.276816645016273
REEF1927,0.276816645016273
REEF1928,0.276816645016273
REEF1929,0.276816645016273
REEF1930,0.276816645016273
REEF1931,0.276816645016273
REEF1932,0.276816645016273
REEF1933,0.276816645016273
REEF1934,0.276816645016273
REEF1935,0.276816645016273
REEF1936,0.276816645016273
REEF1937,0.276816645016273
REEF1938,0.276816645016273
REEF1939,0.276816645016273
REEF1940,0.276816645016273
REEF1941,0.276816645016273
REEF1942,0.276816645016273
REEF1943,0.276816645016273
REEF1944,0.276816645016273
REEF1945,0.276816645016273
REEF1946,0.276816645016273
REEF1947,0.276816645016273
REEF1948,0.276816645016273
REEF1949,0.276816645016273
REEF1950,0.276816645016273
REEF1951,0.276816645016273
REEF1952,0.276816645016273
REEF1953,0.276816645016273
REEF1954,0.276816645016273
REEF1955,0.276816645016273
REEF1956,0.276816645016273
REEF1957,0.276816645016273
REEF1958,0.276816645016273
REEF1959,0.276816645016273
REEF1960,0.276816645016273
REEF1961,0.276816645016273
REEF1962,0.276816645016273
REEF1963,0.276816645016273
REEF1964,0.276816645016273
REEF1965,0.276816645016273
REEF1966,0.276816645016273
REEF1967,0.276816645016273
REEF1968,0.276816645016273
REEF1969,0.276816645016273
REEF1970,0.276816645016273
REEF1971,0.276816645016273
REEF1972,0.276816645016273
REEF1973,0.276816645016273
REEF1974,0.276816645016273
REEF1975,0.276816645016273
REEF1976,0.276816645016273
REEF1977,0.276816645016273
REEF1978,0.276816645016273
REEF1979,0.276816645016273
REEF1980,0.276816645016273
REEF1981,5.91444067582488
REEF1982,5.91444067582488
REEF1983,5.91444067582488
REEF1984,5.91444067582488
REEF1985,5.91444067582488
REEF1986,5.91444067582488
REEF1987,5.91444067582488
REEF1988,5.91444067582488
REEF1989,5.91444067582488
REEF1990,5.91444067582488
REEF1991,5.91444067582488
REEF1992,5.91444067582488
REEF1993,5.91444067582488
REEF1994,5.91444067582488
REEF1995,5.91444067582488
REEF1996,5.91444067582488
REEF1997,5.91444067582488
REEF1998,5.91444067582488
REEF1999,5.91444067582488
REEF2000,5.91444067582488
REEF2001,5.91444067582488
REEF2002,5.91444067582488
REEF2003,5.91444067582488
REEF2004,5.91444067582488
REEF2005,5.91444067582488
REEF2006,5.91444067582488
REEF2007,5.91444067582488
REEF2008,5.91444067582488
REEF2009,5.91444067582488
REEF2010,5.91444067582488
REEF2011,5.91444067582488
REEF2012,5.91444067582488
REEF2013,5.91444067582488
REEF2014,5.91444067582488
REEF2015,5.91444067582488
REEF2016,5.91444067582488
REEF2017,5.91444067582488
REEF2018,5.91444067582488
REEF2019,5.91444067582488
REEF2020,5.91444067582488
REEF2021,5.91444067582488
REEF2022,5.91444067582488
REEF2023,5.91444067582488
REEF2024,5.91444067582488
REEF2025,5.91444067582488
REEF2026,5.91444067582488
REEF2027,5.91444067582488
REEF2028,5.91444067582488
REEF2029,5.91444067582488
REEF2030,5.91444067582488
REEF2031,5.91444067582488
REEF2032,5.91444067582488
REEF2033,5.91444067582488
REEF2034,5.91444067582488
REEF2035,5.91444067582488
REEF2036,5.91444067582488
REEF2037,5.91444067582488
REEF2038,5.91444067582488
REEF2039,5.91444067582488
REEF2040,5.91444067582488
REEF2041,5.91444067582488
REEF2042,5.91444067582488
REEF2043,5.91444067582488
REEF2044,5.91444067582488
REEF2045,5.91444067582488
REEF2046,5.91444067582488
REEF2047,5.91444067582488
REEF2048,5.91444067582488
REEF2049,5.91444067582488
REEF2050,5.91444067582488
REEF2051,5.91444067582488
REEF2052,5.91444067582488
REEF2053,5.91444067582488
REEF2054,5.91444067582488
REEF2055,5.91444067582488
REEF2056,5.91444067582488
REEF2057,5.91444067582488
REEF2058,5.91444067582488
REEF2059,5.91444067582488
REEF2060,5.91444067582488
REEF2061,5.91444067582488
REEF2062,5.91444067582488
REEF2063,5.91444067582488
REEF2064,5.91444067582488
REEF2065,5.91444067582488
REEF2066,5.91444067582488
REEF2067,5.91444067582488
REEF2068,5.91444067582488
REEF2069,5.91444067582488
REEF2070,5.91444067582488
REEF2071,5.91444067582488
REEF2072,5.91444067582488
REEF2073,5.91444067582488
REEF2074,5.91444067582488
REEF2075,5.91444067582488
REEF2076,5.91444067582488
REEF2077,5.91444067582488
REEF2078,5.91444067582488
REEF2079,5.91444067582488
REEF2080,5.91444067582488
REEF2081,5.91444067582488
REEF2082,5.91444067582488
REEF2083,5.91444067582488
REEF2084,5.91444067582488
REEF2085,5.91444067582488
REEF2086,5.91444067582488
REEF2087,5.91444067582488
REEF2088,5.91444067582488
REEF2089,5.91444067582488
REEF2090,5.91444067582488
REEF2091,5.91444067582488
REEF2092,5.91444067582488
REEF2093,5.91444067582488
REEF2094,5.91444067582488
REEF2095,5.91444067582488
REEF2096,5.91444067582488
REEF2097,5.91444067582488
REEF2098,5.91444067582488
REEF2099,5.91444067582488
REEF2100,5.91444067582488
REEF2101,5.91444067582488
REEF2102,5.91444067582488
REEF2103,5.91444067582488
REEF2104,5.91444067582488
REEF2105,5.91444067582488
REEF2106,5.91444067582488
REEF2107,5.91444067582488
REEF2108,5.91444067582488
REEF2109,5.91444067582488
REEF2110,5.91444067582488
REEF2111,5.91444067582488
REEF2112,5.91444067582488
REEF2113,5.91444067582488
REEF2114,5.91444067582488
REEF2115,5.91444067582488
REEF2116,5.91444067582488
REEF2117,5.91444067582488
REEF2118,5.91444067582488
REEF2119,5.91444067582488
REEF2120,5.91444067582488
REEF2121,5.91444067582488
REEF2122,5.91444067582488
REEF2123,5.91444067582488
REEF2124,5.91444067582488
REEF2125,5.91444067582488
REEF2126,5.91444067582488
REEF2127,5.91444067582488
REEF2128,5.91444067582488
REEF2129,5.91444067582488
REEF2130,5.91444067582488
REEF2131,5.91444067582488
REEF2132,5.91444067582488
REEF2133,5.91444067582488
REEF2134,5.91444067582488
REEF2135,5.91444067582488
REEF2136,5.91444067582488
REEF2137,5.91444067582488
REEF2138,5.91444067582488
REEF2139,5.91444067582488
REEF2140,5.91444067582488
REEF2141,5.91444067582488
REEF2142,5.91444067582488
REEF2143,5.91444067582488
REEF2144,5.91444067582488
REEF2145,5.91444067582488
REEF2146,5.91444067582488
REEF2147,5.91444067582488
REEF2148,5.91444067582488
REEF2149,5.91444067582488
REEF2150,5.91444067582488
REEF2151,5.91444067582488
REEF2152,5.91444067582488
REEF2153,5.91444067582488
REEF2154,5.91444067582488
REEF2155,5.91444067582488
REEF2156,5.91444067582488
REEF2157,5.91444067582488
REEF2158,5.91444067582488
REEF2159,5.91444067582488
REEF2160,5.91444067582488
