REEF1,0.04144412
REEF2,0.04144412
REEF3,0.04144412
REEF4,0.04144412
REEF5,0.04144412
REEF6,0.04144412
REEF7,0.04144412
REEF8,0.04144412
REEF9,0.04144412
REEF10,0.04144412
REEF11,0.04144412
REEF12,0.04144412
REEF13,0.04144412
REEF14,0.04144412
REEF15,0.04144412
REEF16,0.04144412
REEF17,0.04144412
REEF18,0.04144412
REEF19,0.04144412
REEF20,0.04144412
REEF21,0.04144412
REEF22,0.04144412
REEF23,0.04144412
REEF24,0.04144412
REEF25,0.04144412
REEF26,0.04144412
REEF27,0.04144412
REEF28,0.04144412
REEF29,0.04144412
REEF30,0.04144412
REEF31,0.04144412
REEF32,0.04144412
REEF33,0.04144412
REEF34,0.04144412
REEF35,0.04144412
REEF36,0.04144412
REEF37,0.04144412
REEF38,0.04144412
REEF39,0.04144412
REEF40,0.04144412
REEF41,0.04144412
REEF42,0.04144412
REEF43,0.04144412
REEF44,0.04144412
REEF45,0.04144412
REEF46,0.04144412
REEF47,0.04144412
REEF48,0.04144412
REEF49,0.04144412
REEF50,0.04144412
REEF51,0.04144412
REEF52,0.04144412
REEF53,0.04144412
REEF54,0.04144412
REEF55,0.04144412
REEF56,0.04144412
REEF57,0.04144412
REEF58,0.04144412
REEF59,0.04144412
REEF60,0.04144412
REEF61,0.04144412
REEF62,0.04144412
REEF63,0.04144412
REEF64,0.04144412
REEF65,0.04144412
REEF66,0.04144412
REEF67,0.04144412
REEF68,0.04144412
REEF69,0.04144412
REEF70,0.04144412
REEF71,0.04144412
REEF72,0.04144412
REEF73,0.04144412
REEF74,0.04144412
REEF75,0.04144412
REEF76,0.04144412
REEF77,0.04144412
REEF78,0.04144412
REEF79,0.04144412
REEF80,0.04144412
REEF81,0.04144412
REEF82,0.04144412
REEF83,0.04144412
REEF84,0.04144412
REEF85,0.04144412
REEF86,0.04144412
REEF87,0.04144412
REEF88,0.04144412
REEF89,0.04144412
REEF90,0.04144412
REEF91,0.04144412
REEF92,0.04144412
REEF93,0.04144412
REEF94,0.04144412
REEF95,0.04144412
REEF96,0.04144412
REEF97,0.04144412
REEF98,0.04144412
REEF99,0.04144412
REEF100,0.04144412
REEF101,0.04144412
REEF102,0.04144412
REEF103,0.04144412
REEF104,0.04144412
REEF105,0.04144412
REEF106,0.04144412
REEF107,0.04144412
REEF108,0.04144412
REEF109,0.04144412
REEF110,0.04144412
REEF111,0.04144412
REEF112,0.04144412
REEF113,0.04144412
REEF114,0.04144412
REEF115,0.04144412
REEF116,0.04144412
REEF117,0.04144412
REEF118,0.04144412
REEF119,0.04144412
REEF120,0.04144412
REEF121,0.04144412
REEF122,0.04144412
REEF123,0.04144412
REEF124,0.04144412
REEF125,0.04144412
REEF126,0.04144412
REEF127,0.04144412
REEF128,0.04144412
REEF129,0.04144412
REEF130,0.04144412
REEF131,0.04144412
REEF132,0.04144412
REEF133,0.04144412
REEF134,0.04144412
REEF135,0.04144412
REEF136,0.04144412
REEF137,0.04144412
REEF138,0.04144412
REEF139,0.04144412
REEF140,0.04144412
REEF141,0.04144412
REEF142,0.04144412
REEF143,0.04144412
REEF144,0.04144412
REEF145,0.04144412
REEF146,0.04144412
REEF147,0.04144412
REEF148,0.04144412
REEF149,0.04144412
REEF150,0.04144412
REEF151,0.04144412
REEF152,0.04144412
REEF153,0.04144412
REEF154,0.04144412
REEF155,0.04144412
REEF156,0.04144412
REEF157,0.04144412
REEF158,0.04144412
REEF159,0.04144412
REEF160,0.04144412
REEF161,0.04144412
REEF162,0.04144412
REEF163,0.04144412
REEF164,0.04144412
REEF165,0.04144412
REEF166,0.04144412
REEF167,0.04144412
REEF168,0.04144412
REEF169,0.04144412
REEF170,0.04144412
REEF171,0.04144412
REEF172,0.04144412
REEF173,0.04144412
REEF174,0.04144412
REEF175,0.04144412
REEF176,0.04144412
REEF177,0.04144412
REEF178,0.04144412
REEF179,0.04144412
REEF180,0.04144412
REEF181,0.04144412
REEF182,0.04144412
REEF183,0.04144412
REEF184,0.04144412
REEF185,0.04144412
REEF186,0.04144412
REEF187,0.04144412
REEF188,0.04144412
REEF189,0.04144412
REEF190,0.04144412
REEF191,0.04144412
REEF192,0.04144412
REEF193,0.04144412
REEF194,0.04144412
REEF195,0.04144412
REEF196,0.04144412
REEF197,0.04144412
REEF198,0.04144412
REEF199,0.04144412
REEF200,0.04144412
REEF201,0.04144412
REEF202,0.04144412
REEF203,0.04144412
REEF204,0.04144412
REEF205,0.04144412
REEF206,0.04144412
REEF207,0.04144412
REEF208,0.04144412
REEF209,0.04144412
REEF210,0.04144412
REEF211,0.04144412
REEF212,0.04144412
REEF213,0.04144412
REEF214,0.04144412
REEF215,0.04144412
REEF216,0.04144412
REEF217,0.04144412
REEF218,0.04144412
REEF219,0.04144412
REEF220,0.04144412
REEF221,0.04144412
REEF222,0.04144412
REEF223,0.04144412
REEF224,0.04144412
REEF225,0.04144412
REEF226,0.04144412
REEF227,0.04144412
REEF228,0.04144412
REEF229,0.04144412
REEF230,0.04144412
REEF231,0.04144412
REEF232,0.04144412
REEF233,0.04144412
REEF234,0.04144412
REEF235,0.04144412
REEF236,0.04144412
REEF237,0.04144412
REEF238,0.04144412
REEF239,0.04144412
REEF240,0.04144412
REEF241,0.04144412
REEF242,0.04144412
REEF243,0.04144412
REEF244,0.04144412
REEF245,0.04144412
REEF246,0.04144412
REEF247,0.04144412
REEF248,0.04144412
REEF249,0.04144412
REEF250,0.04144412
REEF251,0.04144412
REEF252,0.04144412
REEF253,0.04144412
REEF254,0.04144412
REEF255,0.04144412
REEF256,0.04144412
REEF257,0.04144412
REEF258,0.04144412
REEF259,0.04144412
REEF260,0.04144412
REEF261,0.04144412
REEF262,0.04144412
REEF263,0.04144412
REEF264,0.04144412
REEF265,0.04144412
REEF266,0.04144412
REEF267,0.04144412
REEF268,0.04144412
REEF269,0.04144412
REEF270,0.04144412
REEF271,0.04144412
REEF272,0.04144412
REEF273,0.04144412
REEF274,0.04144412
REEF275,0.04144412
REEF276,0.04144412
REEF277,0.04144412
REEF278,0.04144412
REEF279,0.04144412
REEF280,0.04144412
REEF281,0.04144412
REEF282,0.04144412
REEF283,0.04144412
REEF284,0.04144412
REEF285,0.04144412
REEF286,0.04144412
REEF287,0.04144412
REEF288,0.04144412
REEF289,0.04144412
REEF290,0.04144412
REEF291,0.04144412
REEF292,0.04144412
REEF293,0.04144412
REEF294,0.04144412
REEF295,0.04144412
REEF296,0.04144412
REEF297,0.04144412
REEF298,0.04144412
REEF299,0.04144412
REEF300,0.04144412
REEF301,0.04144412
REEF302,0.04144412
REEF303,0.04144412
REEF304,0.04144412
REEF305,0.04144412
REEF306,0.04144412
REEF307,0.04144412
REEF308,0.04144412
REEF309,0.04144412
REEF310,0.04144412
REEF311,0.04144412
REEF312,0.04144412
REEF313,0.04144412
REEF314,0.04144412
REEF315,0.04144412
REEF316,0.04144412
REEF317,0.04144412
REEF318,0.04144412
REEF319,0.04144412
REEF320,0.04144412
REEF321,0.04144412
REEF322,0.04144412
REEF323,0.04144412
REEF324,0.04144412
REEF325,0.04144412
REEF326,0.04144412
REEF327,0.04144412
REEF328,0.04144412
REEF329,0.04144412
REEF330,0.04144412
REEF331,0.04144412
REEF332,0.04144412
REEF333,0.04144412
REEF334,0.04144412
REEF335,0.04144412
REEF336,0.04144412
REEF337,0.04144412
REEF338,0.04144412
REEF339,0.04144412
REEF340,0.04144412
REEF341,0.04144412
REEF342,0.04144412
REEF343,0.04144412
REEF344,0.04144412
REEF345,0.04144412
REEF346,0.04144412
REEF347,0.04144412
REEF348,0.04144412
REEF349,0.04144412
REEF350,0.04144412
REEF351,0.04144412
REEF352,0.04144412
REEF353,0.04144412
REEF354,0.04144412
REEF355,0.04144412
REEF356,0.04144412
REEF357,0.04144412
REEF358,0.04144412
REEF359,0.04144412
REEF360,0.04144412
REEF361,0.04144412
REEF362,0.04144412
REEF363,0.04144412
REEF364,0.04144412
REEF365,0.04144412
REEF366,0.04144412
REEF367,0.04144412
REEF368,0.04144412
REEF369,0.04144412
REEF370,0.04144412
REEF371,0.04144412
REEF372,0.04144412
REEF373,0.04144412
REEF374,0.04144412
REEF375,0.04144412
REEF376,0.04144412
REEF377,0.04144412
REEF378,0.04144412
REEF379,0.04144412
REEF380,0.04144412
REEF381,0.04144412
REEF382,0.04144412
REEF383,0.04144412
REEF384,0.04144412
REEF385,0.04144412
REEF386,0.04144412
REEF387,0.04144412
REEF388,0.04144412
REEF389,0.04144412
REEF390,0.04144412
REEF391,0.04144412
REEF392,0.04144412
REEF393,0.04144412
REEF394,0.04144412
REEF395,0.04144412
REEF396,0.04144412
REEF397,0.04144412
REEF398,0.04144412
REEF399,0.04144412
REEF400,0.04144412
REEF401,0.04144412
REEF402,0.04144412
REEF403,0.04144412
REEF404,0.04144412
REEF405,0.04144412
REEF406,0.04144412
REEF407,0.04144412
REEF408,0.04144412
REEF409,0.04144412
REEF410,0.04144412
REEF411,0.04144412
REEF412,0.04144412
REEF413,0.04144412
REEF414,0.04144412
REEF415,0.04144412
REEF416,0.04144412
REEF417,0.04144412
REEF418,0.04144412
REEF419,0.04144412
REEF420,0.04144412
REEF421,0.04144412
REEF422,0.04144412
REEF423,0.04144412
REEF424,0.04144412
REEF425,0.04144412
REEF426,0.04144412
REEF427,0.04144412
REEF428,0.04144412
REEF429,0.04144412
REEF430,0.04144412
REEF431,0.04144412
REEF432,0.04144412
REEF433,0.04144412
REEF434,0.04144412
REEF435,0.04144412
REEF436,0.04144412
REEF437,0.04144412
REEF438,0.04144412
REEF439,0.04144412
REEF440,0.04144412
REEF441,0.04144412
REEF442,0.04144412
REEF443,0.04144412
REEF444,0.04144412
REEF445,0.04144412
REEF446,0.04144412
REEF447,0.04144412
REEF448,0.04144412
REEF449,0.04144412
REEF450,0.04144412
REEF451,0.04144412
REEF452,0.04144412
REEF453,0.04144412
REEF454,0.04144412
REEF455,0.04144412
REEF456,0.04144412
REEF457,0.04144412
REEF458,0.04144412
REEF459,0.04144412
REEF460,0.04144412
REEF461,0.04144412
REEF462,0.04144412
REEF463,0.04144412
REEF464,0.04144412
REEF465,0.04144412
REEF466,0.04144412
REEF467,0.04144412
REEF468,0.04144412
REEF469,0.04144412
REEF470,0.04144412
REEF471,0.04144412
REEF472,0.04144412
REEF473,0.04144412
REEF474,0.04144412
REEF475,0.04144412
REEF476,0.04144412
REEF477,0.04144412
REEF478,0.04144412
REEF479,0.04144412
REEF480,0.04144412
REEF481,0.04144412
REEF482,0.04144412
REEF483,0.04144412
REEF484,0.04144412
REEF485,0.04144412
REEF486,0.04144412
REEF487,0.04144412
REEF488,0.04144412
REEF489,0.04144412
REEF490,0.04144412
REEF491,0.04144412
REEF492,0.04144412
REEF493,0.04144412
REEF494,0.04144412
REEF495,0.04144412
REEF496,0.04144412
REEF497,0.04144412
REEF498,0.04144412
REEF499,0.04144412
REEF500,0.04144412
REEF501,0.04144412
REEF502,0.04144412
REEF503,0.04144412
REEF504,0.04144412
REEF505,0.04144412
REEF506,0.04144412
REEF507,0.04144412
REEF508,0.04144412
REEF509,0.04144412
REEF510,0.04144412
REEF511,0.04144412
REEF512,0.04144412
REEF513,0.04144412
REEF514,0.04144412
REEF515,0.04144412
REEF516,0.04144412
REEF517,0.04144412
REEF518,0.04144412
REEF519,0.04144412
REEF520,0.04144412
REEF521,0.04144412
REEF522,0.04144412
REEF523,0.04144412
REEF524,0.04144412
REEF525,0.04144412
REEF526,0.04144412
REEF527,0.04144412
REEF528,0.04144412
REEF529,0.04144412
REEF530,0.04144412
REEF531,0.04144412
REEF532,0.04144412
REEF533,0.04144412
REEF534,0.04144412
REEF535,0.04144412
REEF536,0.04144412
REEF537,0.04144412
REEF538,0.04144412
REEF539,0.04144412
REEF540,0.04144412
REEF541,0.04144412
REEF542,0.04144412
REEF543,0.04144412
REEF544,0.04144412
REEF545,0.04144412
REEF546,0.04144412
REEF547,0.04144412
REEF548,0.04144412
REEF549,0.04144412
REEF550,0.04144412
REEF551,0.04144412
REEF552,0.04144412
REEF553,0.04144412
REEF554,0.04144412
REEF555,0.04144412
REEF556,0.04144412
REEF557,0.04144412
REEF558,0.04144412
REEF559,0.04144412
REEF560,0.04144412
REEF561,0.04144412
REEF562,0.04144412
REEF563,0.04144412
REEF564,0.04144412
REEF565,0.04144412
REEF566,0.04144412
REEF567,0.04144412
REEF568,0.04144412
REEF569,0.04144412
REEF570,0.04144412
REEF571,0.04144412
REEF572,0.04144412
REEF573,0.04144412
REEF574,0.04144412
REEF575,0.04144412
REEF576,0.04144412
REEF577,0.04144412
REEF578,0.04144412
REEF579,0.04144412
REEF580,0.04144412
REEF581,0.04144412
REEF582,0.04144412
REEF583,0.04144412
REEF584,0.04144412
REEF585,0.04144412
REEF586,0.04144412
REEF587,0.04144412
REEF588,0.04144412
REEF589,0.04144412
REEF590,0.04144412
REEF591,0.04144412
REEF592,0.04144412
REEF593,0.04144412
REEF594,0.04144412
REEF595,0.04144412
REEF596,0.04144412
REEF597,0.04144412
REEF598,0.04144412
REEF599,0.04144412
REEF600,0.04144412
REEF601,0.04144412
REEF602,0.04144412
REEF603,0.04144412
REEF604,0.04144412
REEF605,0.04144412
REEF606,0.04144412
REEF607,0.04144412
REEF608,0.04144412
REEF609,0.04144412
REEF610,0.04144412
REEF611,0.04144412
REEF612,0.04144412
REEF613,0.04144412
REEF614,0.04144412
REEF615,0.04144412
REEF616,0.04144412
REEF617,0.04144412
REEF618,0.04144412
REEF619,0.04144412
REEF620,0.04144412
REEF621,0.04144412
REEF622,0.04144412
REEF623,0.04144412
REEF624,0.04144412
REEF625,0.04144412
REEF626,0.04144412
REEF627,0.04144412
REEF628,0.04144412
REEF629,0.04144412
REEF630,0.04144412
REEF631,0.04144412
REEF632,0.04144412
REEF633,0.04144412
REEF634,0.04144412
REEF635,0.04144412
REEF636,0.04144412
REEF637,0.04144412
REEF638,0.04144412
REEF639,0.04144412
REEF640,0.04144412
REEF641,0.04144412
REEF642,0.04144412
REEF643,0.04144412
REEF644,0.04144412
REEF645,0.04144412
REEF646,0.04144412
REEF647,0.04144412
REEF648,0.04144412
REEF649,0.04144412
REEF650,0.04144412
REEF651,0.04144412
REEF652,0.04144412
REEF653,0.04144412
REEF654,0.04144412
REEF655,0.04144412
REEF656,0.04144412
REEF657,0.04144412
REEF658,0.04144412
REEF659,0.04144412
REEF660,0.04144412
REEF661,0.04144412
REEF662,0.04144412
REEF663,0.04144412
REEF664,0.04144412
REEF665,0.04144412
REEF666,0.04144412
REEF667,0.04144412
REEF668,0.04144412
REEF669,0.04144412
REEF670,0.04144412
REEF671,0.04144412
REEF672,0.04144412
REEF673,0.04144412
REEF674,0.04144412
REEF675,0.04144412
REEF676,0.04144412
REEF677,0.04144412
REEF678,0.04144412
REEF679,0.04144412
REEF680,0.04144412
REEF681,0.04144412
REEF682,0.04144412
REEF683,0.04144412
REEF684,0.04144412
REEF685,0.04144412
REEF686,0.04144412
REEF687,0.04144412
REEF688,0.04144412
REEF689,0.04144412
REEF690,0.04144412
REEF691,0.04144412
REEF692,0.04144412
REEF693,0.04144412
REEF694,0.04144412
REEF695,0.04144412
REEF696,0.04144412
REEF697,0.04144412
REEF698,0.04144412
REEF699,0.04144412
REEF700,0.04144412
REEF701,0.04144412
REEF702,0.04144412
REEF703,0.04144412
REEF704,0.04144412
REEF705,0.04144412
REEF706,0.04144412
REEF707,0.04144412
REEF708,0.04144412
REEF709,0.04144412
REEF710,0.04144412
REEF711,0.04144412
REEF712,0.04144412
REEF713,0.04144412
REEF714,0.04144412
REEF715,0.04144412
REEF716,0.04144412
REEF717,0.04144412
REEF718,0.04144412
REEF719,0.04144412
REEF720,0.04144412
REEF721,0.04144412
REEF722,0.04144412
REEF723,0.04144412
REEF724,0.04144412
REEF725,0.04144412
REEF726,0.04144412
REEF727,0.04144412
REEF728,0.04144412
REEF729,0.04144412
REEF730,0.04144412
REEF731,0.04144412
REEF732,0.04144412
REEF733,0.04144412
REEF734,0.04144412
REEF735,0.04144412
REEF736,0.04144412
REEF737,0.04144412
REEF738,0.04144412
REEF739,0.04144412
REEF740,0.04144412
REEF741,0.04144412
REEF742,0.04144412
REEF743,0.04144412
REEF744,0.04144412
REEF745,0.04144412
REEF746,0.04144412
REEF747,0.04144412
REEF748,0.04144412
REEF749,0.04144412
REEF750,0.04144412
REEF751,0.04144412
REEF752,0.04144412
REEF753,0.04144412
REEF754,0.04144412
REEF755,0.04144412
REEF756,0.04144412
REEF757,0.04144412
REEF758,0.04144412
REEF759,0.04144412
REEF760,0.04144412
REEF761,0.04144412
REEF762,0.04144412
REEF763,0.04144412
REEF764,0.04144412
REEF765,0.04144412
REEF766,0.04144412
REEF767,0.04144412
REEF768,0.04144412
REEF769,0.04144412
REEF770,0.04144412
REEF771,0.04144412
REEF772,0.04144412
REEF773,0.04144412
REEF774,0.04144412
REEF775,0.04144412
REEF776,0.04144412
REEF777,0.04144412
REEF778,0.04144412
REEF779,0.04144412
REEF780,0.04144412
REEF781,0.04144412
REEF782,0.04144412
REEF783,0.04144412
REEF784,0.04144412
REEF785,0.04144412
REEF786,0.04144412
REEF787,0.04144412
REEF788,0.04144412
REEF789,0.04144412
REEF790,0.04144412
REEF791,0.04144412
REEF792,0.04144412
REEF793,0.04144412
REEF794,0.04144412
REEF795,0.04144412
REEF796,0.04144412
REEF797,0.04144412
REEF798,0.04144412
REEF799,0.04144412
REEF800,0.04144412
REEF801,0.04144412
REEF802,0.04144412
REEF803,0.04144412
REEF804,0.04144412
REEF805,0.04144412
REEF806,0.04144412
REEF807,0.04144412
REEF808,0.04144412
REEF809,0.04144412
REEF810,0.04144412
REEF811,0.04144412
REEF812,0.04144412
REEF813,0.04144412
REEF814,0.04144412
REEF815,0.04144412
REEF816,0.04144412
REEF817,0.04144412
REEF818,0.04144412
REEF819,0.04144412
REEF820,0.04144412
REEF821,0.04144412
REEF822,0.04144412
REEF823,0.04144412
REEF824,0.04144412
REEF825,0.04144412
REEF826,0.04144412
REEF827,0.04144412
REEF828,0.04144412
REEF829,0.04144412
REEF830,0.04144412
REEF831,0.04144412
REEF832,0.04144412
REEF833,0.04144412
REEF834,0.04144412
REEF835,0.04144412
REEF836,0.04144412
REEF837,0.04144412
REEF838,0.04144412
REEF839,0.04144412
REEF840,0.04144412
REEF841,0.04144412
REEF842,0.04144412
REEF843,0.04144412
REEF844,0.04144412
REEF845,0.04144412
REEF846,0.04144412
REEF847,0.04144412
REEF848,0.04144412
REEF849,0.04144412
REEF850,0.04144412
REEF851,0.04144412
REEF852,0.04144412
REEF853,0.04144412
REEF854,0.04144412
REEF855,0.04144412
REEF856,0.04144412
REEF857,0.04144412
REEF858,0.04144412
REEF859,0.04144412
REEF860,0.04144412
REEF861,0.04144412
REEF862,0.04144412
REEF863,0.04144412
REEF864,0.04144412
REEF865,0.04144412
REEF866,0.04144412
REEF867,0.04144412
REEF868,0.04144412
REEF869,0.04144412
REEF870,0.04144412
REEF871,0.04144412
REEF872,0.04144412
REEF873,0.04144412
REEF874,0.04144412
REEF875,0.04144412
REEF876,0.04144412
REEF877,0.04144412
REEF878,0.04144412
REEF879,0.04144412
REEF880,0.04144412
REEF881,0.04144412
REEF882,0.04144412
REEF883,0.04144412
REEF884,0.04144412
REEF885,0.04144412
REEF886,0.04144412
REEF887,0.04144412
REEF888,0.04144412
REEF889,0.04144412
REEF890,0.04144412
REEF891,0.04144412
REEF892,0.04144412
REEF893,0.04144412
REEF894,0.04144412
REEF895,0.04144412
REEF896,0.04144412
REEF897,0.04144412
REEF898,0.04144412
REEF899,0.04144412
REEF900,0.04144412
REEF901,0.04144412
REEF902,0.04144412
REEF903,0.04144412
REEF904,0.04144412
REEF905,0.04144412
REEF906,0.04144412
REEF907,0.04144412
REEF908,0.04144412
REEF909,0.04144412
REEF910,0.04144412
REEF911,0.04144412
REEF912,0.04144412
REEF913,0.04144412
REEF914,0.04144412
REEF915,0.04144412
REEF916,0.04144412
REEF917,0.04144412
REEF918,0.04144412
REEF919,0.04144412
REEF920,0.04144412
REEF921,0.04144412
REEF922,0.04144412
REEF923,0.04144412
REEF924,0.04144412
REEF925,0.04144412
REEF926,0.04144412
REEF927,0.04144412
REEF928,0.04144412
REEF929,0.04144412
REEF930,0.04144412
REEF931,0.04144412
REEF932,0.04144412
REEF933,0.04144412
REEF934,0.04144412
REEF935,0.04144412
REEF936,0.04144412
REEF937,0.04144412
REEF938,0.04144412
REEF939,0.04144412
REEF940,0.04144412
REEF941,0.04144412
REEF942,0.04144412
REEF943,0.04144412
REEF944,0.04144412
REEF945,0.04144412
REEF946,0.04144412
REEF947,0.04144412
REEF948,0.04144412
REEF949,0.04144412
REEF950,0.04144412
REEF951,0.04144412
REEF952,0.04144412
REEF953,0.04144412
REEF954,0.04144412
REEF955,0.04144412
REEF956,0.04144412
REEF957,0.04144412
REEF958,0.04144412
REEF959,0.04144412
REEF960,0.04144412
REEF961,0.04144412
REEF962,0.04144412
REEF963,0.04144412
REEF964,0.04144412
REEF965,0.04144412
REEF966,0.04144412
REEF967,0.04144412
REEF968,0.04144412
REEF969,0.04144412
REEF970,0.04144412
REEF971,0.04144412
REEF972,0.04144412
REEF973,0.04144412
REEF974,0.04144412
REEF975,0.04144412
REEF976,0.04144412
REEF977,0.04144412
REEF978,0.04144412
REEF979,0.04144412
REEF980,0.04144412
REEF981,0.04144412
REEF982,0.04144412
REEF983,0.04144412
REEF984,0.04144412
REEF985,0.04144412
REEF986,0.04144412
REEF987,0.04144412
REEF988,0.04144412
REEF989,0.04144412
REEF990,0.04144412
REEF991,0.04144412
REEF992,0.04144412
REEF993,0.04144412
REEF994,0.04144412
REEF995,0.04144412
REEF996,0.04144412
REEF997,0.04144412
REEF998,0.04144412
REEF999,0.04144412
REEF1000,0.04144412
REEF1001,0.04144412
REEF1002,0.04144412
REEF1003,0.04144412
REEF1004,0.04144412
REEF1005,0.04144412
REEF1006,0.04144412
REEF1007,0.04144412
REEF1008,0.04144412
REEF1009,0.04144412
REEF1010,0.04144412
REEF1011,0.04144412
REEF1012,0.04144412
REEF1013,0.04144412
REEF1014,0.04144412
REEF1015,0.04144412
REEF1016,0.04144412
REEF1017,0.04144412
REEF1018,0.04144412
REEF1019,0.04144412
REEF1020,0.04144412
REEF1021,0.04144412
REEF1022,0.04144412
REEF1023,0.04144412
REEF1024,0.04144412
REEF1025,0.04144412
REEF1026,0.04144412
REEF1027,0.04144412
REEF1028,0.04144412
REEF1029,0.04144412
REEF1030,0.04144412
REEF1031,0.04144412
REEF1032,0.04144412
REEF1033,0.04144412
REEF1034,0.04144412
REEF1035,0.04144412
REEF1036,0.04144412
REEF1037,0.04144412
REEF1038,0.04144412
REEF1039,0.04144412
REEF1040,0.04144412
REEF1041,0.04144412
REEF1042,0.04144412
REEF1043,0.04144412
REEF1044,0.04144412
REEF1045,0.04144412
REEF1046,0.04144412
REEF1047,0.04144412
REEF1048,0.04144412
REEF1049,0.04144412
REEF1050,0.04144412
REEF1051,0.04144412
REEF1052,0.04144412
REEF1053,0.04144412
REEF1054,0.04144412
REEF1055,0.04144412
REEF1056,0.04144412
REEF1057,0.04144412
REEF1058,0.04144412
REEF1059,0.04144412
REEF1060,0.04144412
REEF1061,0.04144412
REEF1062,0.04144412
REEF1063,0.04144412
REEF1064,0.04144412
REEF1065,0.04144412
REEF1066,0.04144412
REEF1067,0.04144412
REEF1068,0.04144412
REEF1069,0.04144412
REEF1070,0.04144412
REEF1071,0.04144412
REEF1072,0.04144412
REEF1073,0.04144412
REEF1074,0.04144412
REEF1075,0.04144412
REEF1076,0.04144412
REEF1077,0.04144412
REEF1078,0.04144412
REEF1079,0.04144412
REEF1080,0.04144412
REEF1081,0.04144412
REEF1082,0.04144412
REEF1083,0.04144412
REEF1084,0.04144412
REEF1085,0.04144412
REEF1086,0.04144412
REEF1087,0.04144412
REEF1088,0.04144412
REEF1089,0.04144412
REEF1090,0.04144412
REEF1091,0.04144412
REEF1092,0.04144412
REEF1093,0.04144412
REEF1094,0.04144412
REEF1095,0.04144412
REEF1096,0.04144412
REEF1097,0.04144412
REEF1098,0.04144412
REEF1099,0.04144412
REEF1100,0.04144412
REEF1101,0.04144412
REEF1102,0.04144412
REEF1103,0.04144412
REEF1104,0.04144412
REEF1105,0.04144412
REEF1106,0.04144412
REEF1107,0.04144412
REEF1108,0.04144412
REEF1109,0.04144412
REEF1110,0.04144412
REEF1111,0.04144412
REEF1112,0.04144412
REEF1113,0.04144412
REEF1114,0.04144412
REEF1115,0.04144412
REEF1116,0.04144412
REEF1117,0.04144412
REEF1118,0.04144412
REEF1119,0.04144412
REEF1120,0.04144412
REEF1121,0.04144412
REEF1122,0.04144412
REEF1123,0.04144412
REEF1124,0.04144412
REEF1125,0.04144412
REEF1126,0.04144412
REEF1127,0.04144412
REEF1128,0.04144412
REEF1129,0.04144412
REEF1130,0.04144412
REEF1131,0.04144412
REEF1132,0.04144412
REEF1133,0.04144412
REEF1134,0.04144412
REEF1135,0.04144412
REEF1136,0.04144412
REEF1137,0.04144412
REEF1138,0.04144412
REEF1139,0.04144412
REEF1140,0.04144412
REEF1141,0.04144412
REEF1142,0.04144412
REEF1143,0.04144412
REEF1144,0.04144412
REEF1145,0.04144412
REEF1146,0.04144412
REEF1147,0.04144412
REEF1148,0.04144412
REEF1149,0.04144412
REEF1150,0.04144412
REEF1151,0.04144412
REEF1152,0.04144412
REEF1153,0.04144412
REEF1154,0.04144412
REEF1155,0.04144412
REEF1156,0.04144412
REEF1157,0.04144412
REEF1158,0.04144412
REEF1159,0.04144412
REEF1160,0.04144412
REEF1161,0.04144412
REEF1162,0.04144412
REEF1163,0.04144412
REEF1164,0.04144412
REEF1165,0.04144412
REEF1166,0.04144412
REEF1167,0.04144412
REEF1168,0.04144412
REEF1169,0.04144412
REEF1170,0.04144412
REEF1171,0.04144412
REEF1172,0.04144412
REEF1173,0.04144412
REEF1174,0.04144412
REEF1175,0.04144412
REEF1176,0.04144412
REEF1177,0.04144412
REEF1178,0.04144412
REEF1179,0.04144412
REEF1180,0.04144412
REEF1181,0.04144412
REEF1182,0.04144412
REEF1183,0.04144412
REEF1184,0.04144412
REEF1185,0.04144412
REEF1186,0.04144412
REEF1187,0.04144412
REEF1188,0.04144412
REEF1189,0.04144412
REEF1190,0.04144412
REEF1191,0.04144412
REEF1192,0.04144412
REEF1193,0.04144412
REEF1194,0.04144412
REEF1195,0.04144412
REEF1196,0.04144412
REEF1197,0.04144412
REEF1198,0.04144412
REEF1199,0.04144412
REEF1200,0.04144412
REEF1201,0.04144412
REEF1202,0.04144412
REEF1203,0.04144412
REEF1204,0.04144412
REEF1205,0.04144412
REEF1206,0.04144412
REEF1207,0.04144412
REEF1208,0.04144412
REEF1209,0.04144412
REEF1210,0.04144412
REEF1211,0.04144412
REEF1212,0.04144412
REEF1213,0.04144412
REEF1214,0.04144412
REEF1215,0.04144412
REEF1216,0.04144412
REEF1217,0.04144412
REEF1218,0.04144412
REEF1219,0.04144412
REEF1220,0.04144412
REEF1221,0.04144412
REEF1222,0.04144412
REEF1223,0.04144412
REEF1224,0.04144412
REEF1225,0.04144412
REEF1226,0.04144412
REEF1227,0.04144412
REEF1228,0.04144412
REEF1229,0.04144412
REEF1230,0.04144412
REEF1231,0.04144412
REEF1232,0.04144412
REEF1233,0.04144412
REEF1234,0.04144412
REEF1235,0.04144412
REEF1236,0.04144412
REEF1237,0.04144412
REEF1238,0.04144412
REEF1239,0.04144412
REEF1240,0.04144412
REEF1241,0.04144412
REEF1242,0.04144412
REEF1243,0.04144412
REEF1244,0.04144412
REEF1245,0.04144412
REEF1246,0.04144412
REEF1247,0.04144412
REEF1248,0.04144412
REEF1249,0.04144412
REEF1250,0.04144412
REEF1251,0.04144412
REEF1252,0.04144412
REEF1253,0.04144412
REEF1254,0.04144412
REEF1255,0.04144412
REEF1256,0.04144412
REEF1257,0.04144412
REEF1258,0.04144412
REEF1259,0.04144412
REEF1260,0.04144412
REEF1261,0.04144412
REEF1262,0.04144412
REEF1263,0.04144412
REEF1264,0.04144412
REEF1265,0.04144412
REEF1266,0.04144412
REEF1267,0.04144412
REEF1268,0.04144412
REEF1269,0.04144412
REEF1270,0.04144412
REEF1271,0.04144412
REEF1272,0.04144412
REEF1273,0.04144412
REEF1274,0.04144412
REEF1275,0.04144412
REEF1276,0.04144412
REEF1277,0.04144412
REEF1278,0.04144412
REEF1279,0.04144412
REEF1280,0.04144412
REEF1281,0.04144412
REEF1282,0.04144412
REEF1283,0.04144412
REEF1284,0.04144412
REEF1285,0.04144412
REEF1286,0.04144412
REEF1287,0.04144412
REEF1288,0.04144412
REEF1289,0.04144412
REEF1290,0.04144412
REEF1291,0.04144412
REEF1292,0.04144412
REEF1293,0.04144412
REEF1294,0.04144412
REEF1295,0.04144412
REEF1296,0.04144412
REEF1297,0.04144412
REEF1298,0.04144412
REEF1299,0.04144412
REEF1300,0.04144412
REEF1301,0.04144412
REEF1302,0.04144412
REEF1303,0.04144412
REEF1304,0.04144412
REEF1305,0.04144412
REEF1306,0.04144412
REEF1307,0.04144412
REEF1308,0.04144412
REEF1309,0.04144412
REEF1310,0.04144412
REEF1311,0.04144412
REEF1312,0.04144412
REEF1313,0.04144412
REEF1314,0.04144412
REEF1315,0.04144412
REEF1316,0.04144412
REEF1317,0.04144412
REEF1318,0.04144412
REEF1319,0.04144412
REEF1320,0.04144412
REEF1321,0.04144412
REEF1322,0.04144412
REEF1323,0.04144412
REEF1324,0.04144412
REEF1325,0.04144412
REEF1326,0.04144412
REEF1327,0.04144412
REEF1328,0.04144412
REEF1329,0.04144412
REEF1330,0.04144412
REEF1331,0.04144412
REEF1332,0.04144412
REEF1333,0.04144412
REEF1334,0.04144412
REEF1335,0.04144412
REEF1336,0.04144412
REEF1337,0.04144412
REEF1338,0.04144412
REEF1339,0.04144412
REEF1340,0.04144412
REEF1341,0.04144412
REEF1342,0.04144412
REEF1343,0.04144412
REEF1344,0.04144412
REEF1345,0.04144412
REEF1346,0.04144412
REEF1347,0.04144412
REEF1348,0.04144412
REEF1349,0.04144412
REEF1350,0.04144412
REEF1351,0.04144412
REEF1352,0.04144412
REEF1353,0.04144412
REEF1354,0.04144412
REEF1355,0.04144412
REEF1356,0.04144412
REEF1357,0.04144412
REEF1358,0.04144412
REEF1359,0.04144412
REEF1360,0.04144412
REEF1361,0.04144412
REEF1362,0.04144412
REEF1363,0.04144412
REEF1364,0.04144412
REEF1365,0.04144412
REEF1366,0.04144412
REEF1367,0.04144412
REEF1368,0.04144412
REEF1369,0.04144412
REEF1370,0.04144412
REEF1371,0.04144412
REEF1372,0.04144412
REEF1373,0.04144412
REEF1374,0.04144412
REEF1375,0.04144412
REEF1376,0.04144412
REEF1377,0.04144412
REEF1378,0.04144412
REEF1379,0.04144412
REEF1380,0.04144412
REEF1381,0.04144412
REEF1382,0.04144412
REEF1383,0.04144412
REEF1384,0.04144412
REEF1385,0.04144412
REEF1386,0.04144412
REEF1387,0.04144412
REEF1388,0.04144412
REEF1389,0.04144412
REEF1390,0.04144412
REEF1391,0.04144412
REEF1392,0.04144412
REEF1393,0.04144412
REEF1394,0.04144412
REEF1395,0.04144412
REEF1396,0.04144412
REEF1397,0.04144412
REEF1398,0.04144412
REEF1399,0.04144412
REEF1400,0.04144412
REEF1401,0.04144412
REEF1402,0.04144412
REEF1403,0.04144412
REEF1404,0.04144412
REEF1405,0.04144412
REEF1406,0.04144412
REEF1407,0.04144412
REEF1408,0.04144412
REEF1409,0.04144412
REEF1410,0.04144412
REEF1411,0.04144412
REEF1412,0.04144412
REEF1413,0.04144412
REEF1414,0.04144412
REEF1415,0.04144412
REEF1416,0.04144412
REEF1417,0.04144412
REEF1418,0.04144412
REEF1419,0.04144412
REEF1420,0.04144412
REEF1421,0.04144412
REEF1422,0.04144412
REEF1423,0.04144412
REEF1424,0.04144412
REEF1425,0.04144412
REEF1426,0.04144412
REEF1427,0.04144412
REEF1428,0.04144412
REEF1429,0.04144412
REEF1430,0.04144412
REEF1431,0.04144412
REEF1432,0.04144412
REEF1433,0.04144412
REEF1434,0.04144412
REEF1435,0.04144412
REEF1436,0.04144412
REEF1437,0.04144412
REEF1438,0.04144412
REEF1439,0.04144412
REEF1440,0.04144412
REEF1441,0.04144412
REEF1442,0.04144412
REEF1443,0.04144412
REEF1444,0.04144412
REEF1445,0.04144412
REEF1446,0.04144412
REEF1447,0.04144412
REEF1448,0.04144412
REEF1449,0.04144412
REEF1450,0.04144412
REEF1451,0.04144412
REEF1452,0.04144412
REEF1453,0.04144412
REEF1454,0.04144412
REEF1455,0.04144412
REEF1456,0.04144412
REEF1457,0.04144412
REEF1458,0.04144412
REEF1459,0.04144412
REEF1460,0.04144412
REEF1461,0.04144412
REEF1462,0.04144412
REEF1463,0.04144412
REEF1464,0.04144412
REEF1465,0.04144412
REEF1466,0.04144412
REEF1467,0.04144412
REEF1468,0.04144412
REEF1469,0.04144412
REEF1470,0.04144412
REEF1471,0.04144412
REEF1472,0.04144412
REEF1473,0.04144412
REEF1474,0.04144412
REEF1475,0.04144412
REEF1476,0.04144412
REEF1477,0.04144412
REEF1478,0.04144412
REEF1479,0.04144412
REEF1480,0.04144412
REEF1481,0.04144412
REEF1482,0.04144412
REEF1483,0.04144412
REEF1484,0.04144412
REEF1485,0.04144412
REEF1486,0.04144412
REEF1487,0.04144412
REEF1488,0.04144412
REEF1489,0.04144412
REEF1490,0.04144412
REEF1491,0.04144412
REEF1492,0.04144412
REEF1493,0.04144412
REEF1494,0.04144412
REEF1495,0.04144412
REEF1496,0.04144412
REEF1497,0.04144412
REEF1498,0.04144412
REEF1499,0.04144412
REEF1500,0.04144412
REEF1501,0.04144412
REEF1502,0.04144412
REEF1503,0.04144412
REEF1504,0.04144412
REEF1505,0.04144412
REEF1506,0.04144412
REEF1507,0.04144412
REEF1508,0.04144412
REEF1509,0.04144412
REEF1510,0.04144412
REEF1511,0.04144412
REEF1512,0.04144412
REEF1513,0.04144412
REEF1514,0.04144412
REEF1515,0.04144412
REEF1516,0.04144412
REEF1517,0.04144412
REEF1518,0.04144412
REEF1519,0.04144412
REEF1520,0.04144412
REEF1521,0.04144412
REEF1522,0.04144412
REEF1523,0.04144412
REEF1524,0.04144412
REEF1525,0.04144412
REEF1526,0.04144412
REEF1527,0.04144412
REEF1528,0.04144412
REEF1529,0.04144412
REEF1530,0.04144412
REEF1531,0.04144412
REEF1532,0.04144412
REEF1533,0.04144412
REEF1534,0.04144412
REEF1535,0.04144412
REEF1536,0.04144412
REEF1537,0.04144412
REEF1538,0.04144412
REEF1539,0.04144412
REEF1540,0.04144412
REEF1541,0.04144412
REEF1542,0.04144412
REEF1543,0.04144412
REEF1544,0.04144412
REEF1545,0.04144412
REEF1546,0.04144412
REEF1547,0.04144412
REEF1548,0.04144412
REEF1549,0.04144412
REEF1550,0.04144412
REEF1551,0.04144412
REEF1552,0.04144412
REEF1553,0.04144412
REEF1554,0.04144412
REEF1555,0.04144412
REEF1556,0.04144412
REEF1557,0.04144412
REEF1558,0.04144412
REEF1559,0.04144412
REEF1560,0.04144412
REEF1561,0.04144412
REEF1562,0.04144412
REEF1563,0.04144412
REEF1564,0.04144412
REEF1565,0.04144412
REEF1566,0.04144412
REEF1567,0.04144412
REEF1568,0.04144412
REEF1569,0.04144412
REEF1570,0.04144412
REEF1571,0.04144412
REEF1572,0.04144412
REEF1573,0.04144412
REEF1574,0.04144412
REEF1575,0.04144412
REEF1576,0.04144412
REEF1577,0.04144412
REEF1578,0.04144412
REEF1579,0.04144412
REEF1580,0.04144412
REEF1581,0.04144412
REEF1582,0.04144412
REEF1583,0.04144412
REEF1584,0.04144412
REEF1585,0.04144412
REEF1586,0.04144412
REEF1587,0.04144412
REEF1588,0.04144412
REEF1589,0.04144412
REEF1590,0.04144412
REEF1591,0.04144412
REEF1592,0.04144412
REEF1593,0.04144412
REEF1594,0.04144412
REEF1595,0.04144412
REEF1596,0.04144412
REEF1597,0.04144412
REEF1598,0.04144412
REEF1599,0.04144412
REEF1600,0.04144412
REEF1601,0.04144412
REEF1602,0.04144412
REEF1603,0.04144412
REEF1604,0.04144412
REEF1605,0.04144412
REEF1606,0.04144412
REEF1607,0.04144412
REEF1608,0.04144412
REEF1609,0.04144412
REEF1610,0.04144412
REEF1611,0.04144412
REEF1612,0.04144412
REEF1613,0.04144412
REEF1614,0.04144412
REEF1615,0.04144412
REEF1616,0.04144412
REEF1617,0.04144412
REEF1618,0.04144412
REEF1619,0.04144412
REEF1620,0.04144412
REEF1621,0.04144412
REEF1622,0.04144412
REEF1623,0.04144412
REEF1624,0.04144412
REEF1625,0.04144412
REEF1626,0.04144412
REEF1627,0.04144412
REEF1628,0.04144412
REEF1629,0.04144412
REEF1630,0.04144412
REEF1631,0.04144412
REEF1632,0.04144412
REEF1633,0.04144412
REEF1634,0.04144412
REEF1635,0.04144412
REEF1636,0.04144412
REEF1637,0.04144412
REEF1638,0.04144412
REEF1639,0.04144412
REEF1640,0.04144412
REEF1641,0.04144412
REEF1642,0.04144412
REEF1643,0.04144412
REEF1644,0.04144412
REEF1645,0.04144412
REEF1646,0.04144412
REEF1647,0.04144412
REEF1648,0.04144412
REEF1649,0.04144412
REEF1650,0.04144412
REEF1651,0.04144412
REEF1652,0.04144412
REEF1653,0.04144412
REEF1654,0.04144412
REEF1655,0.04144412
REEF1656,0.04144412
REEF1657,0.04144412
REEF1658,0.04144412
REEF1659,0.04144412
REEF1660,0.04144412
REEF1661,0.04144412
REEF1662,0.04144412
REEF1663,0.04144412
REEF1664,0.04144412
REEF1665,0.04144412
REEF1666,0.04144412
REEF1667,0.04144412
REEF1668,0.04144412
REEF1669,0.04144412
REEF1670,0.04144412
REEF1671,0.04144412
REEF1672,0.04144412
REEF1673,0.04144412
REEF1674,0.04144412
REEF1675,0.04144412
REEF1676,0.04144412
REEF1677,0.04144412
REEF1678,0.04144412
REEF1679,0.04144412
REEF1680,0.04144412
REEF1681,0.04144412
REEF1682,0.04144412
REEF1683,0.04144412
REEF1684,0.04144412
REEF1685,0.04144412
REEF1686,0.04144412
REEF1687,0.04144412
REEF1688,0.04144412
REEF1689,0.04144412
REEF1690,0.04144412
REEF1691,0.04144412
REEF1692,0.04144412
REEF1693,0.04144412
REEF1694,0.04144412
REEF1695,0.04144412
REEF1696,0.04144412
REEF1697,0.04144412
REEF1698,0.04144412
REEF1699,0.04144412
REEF1700,0.04144412
REEF1701,0.04144412
REEF1702,0.04144412
REEF1703,0.04144412
REEF1704,0.04144412
REEF1705,0.04144412
REEF1706,0.04144412
REEF1707,0.04144412
REEF1708,0.04144412
REEF1709,0.04144412
REEF1710,0.04144412
REEF1711,0.04144412
REEF1712,0.04144412
REEF1713,0.04144412
REEF1714,0.04144412
REEF1715,0.04144412
REEF1716,0.04144412
REEF1717,0.04144412
REEF1718,0.04144412
REEF1719,0.04144412
REEF1720,0.04144412
REEF1721,0.04144412
REEF1722,0.04144412
REEF1723,0.04144412
REEF1724,0.04144412
REEF1725,0.04144412
REEF1726,0.04144412
REEF1727,0.04144412
REEF1728,0.04144412
REEF1729,0.04144412
REEF1730,0.04144412
REEF1731,0.04144412
REEF1732,0.04144412
REEF1733,0.04144412
REEF1734,0.04144412
REEF1735,0.04144412
REEF1736,0.04144412
REEF1737,0.04144412
REEF1738,0.04144412
REEF1739,0.04144412
REEF1740,0.04144412
REEF1741,0.04144412
REEF1742,0.04144412
REEF1743,0.04144412
REEF1744,0.04144412
REEF1745,0.04144412
REEF1746,0.04144412
REEF1747,0.04144412
REEF1748,0.04144412
REEF1749,0.04144412
REEF1750,0.04144412
REEF1751,0.04144412
REEF1752,0.04144412
REEF1753,0.04144412
REEF1754,0.04144412
REEF1755,0.04144412
REEF1756,0.04144412
REEF1757,0.04144412
REEF1758,0.04144412
REEF1759,0.04144412
REEF1760,0.04144412
REEF1761,0.04144412
REEF1762,0.04144412
REEF1763,0.04144412
REEF1764,0.04144412
REEF1765,0.04144412
REEF1766,0.04144412
REEF1767,0.04144412
REEF1768,0.04144412
REEF1769,0.04144412
REEF1770,0.04144412
REEF1771,0.04144412
REEF1772,0.04144412
REEF1773,0.04144412
REEF1774,0.04144412
REEF1775,0.04144412
REEF1776,0.04144412
REEF1777,0.04144412
REEF1778,0.04144412
REEF1779,0.04144412
REEF1780,0.04144412
REEF1781,0.04144412
REEF1782,0.04144412
REEF1783,0.04144412
REEF1784,0.04144412
REEF1785,0.04144412
REEF1786,0.04144412
REEF1787,0.04144412
REEF1788,0.04144412
REEF1789,0.04144412
REEF1790,0.04144412
REEF1791,0.04144412
REEF1792,0.04144412
REEF1793,0.04144412
REEF1794,0.04144412
REEF1795,0.04144412
REEF1796,0.04144412
REEF1797,0.04144412
REEF1798,0.04144412
REEF1799,0.04144412
REEF1800,0.04144412
REEF1801,0.04144412
REEF1802,0.04144412
REEF1803,0.04144412
REEF1804,0.04144412
REEF1805,0.04144412
REEF1806,0.04144412
REEF1807,0.04144412
REEF1808,0.04144412
REEF1809,0.04144412
REEF1810,0.04144412
REEF1811,0.04144412
REEF1812,0.04144412
REEF1813,0.04144412
REEF1814,0.04144412
REEF1815,0.04144412
REEF1816,0.04144412
REEF1817,0.04144412
REEF1818,0.04144412
REEF1819,0.04144412
REEF1820,0.04144412
REEF1821,0.04144412
REEF1822,0.04144412
REEF1823,0.04144412
REEF1824,0.04144412
REEF1825,0.04144412
REEF1826,0.04144412
REEF1827,0.04144412
REEF1828,0.04144412
REEF1829,0.04144412
REEF1830,0.04144412
REEF1831,0.04144412
REEF1832,0.04144412
REEF1833,0.04144412
REEF1834,0.04144412
REEF1835,0.04144412
REEF1836,0.04144412
REEF1837,0.04144412
REEF1838,0.04144412
REEF1839,0.04144412
REEF1840,0.04144412
REEF1841,0.04144412
REEF1842,0.04144412
REEF1843,0.04144412
REEF1844,0.04144412
REEF1845,0.04144412
REEF1846,0.04144412
REEF1847,0.04144412
REEF1848,0.04144412
REEF1849,0.04144412
REEF1850,0.04144412
REEF1851,0.04144412
REEF1852,0.04144412
REEF1853,0.04144412
REEF1854,0.04144412
REEF1855,0.04144412
REEF1856,0.04144412
REEF1857,0.04144412
REEF1858,0.04144412
REEF1859,0.04144412
REEF1860,0.04144412
REEF1861,0.04144412
REEF1862,0.04144412
REEF1863,0.04144412
REEF1864,0.04144412
REEF1865,0.04144412
REEF1866,0.04144412
REEF1867,0.04144412
REEF1868,0.04144412
REEF1869,0.04144412
REEF1870,0.04144412
REEF1871,0.04144412
REEF1872,0.04144412
REEF1873,0.04144412
REEF1874,0.04144412
REEF1875,0.04144412
REEF1876,0.04144412
REEF1877,0.04144412
REEF1878,0.04144412
REEF1879,0.04144412
REEF1880,0.04144412
REEF1881,0.04144412
REEF1882,0.04144412
REEF1883,0.04144412
REEF1884,0.04144412
REEF1885,0.04144412
REEF1886,0.04144412
REEF1887,0.04144412
REEF1888,0.04144412
REEF1889,0.04144412
REEF1890,0.04144412
REEF1891,0.04144412
REEF1892,0.04144412
REEF1893,0.04144412
REEF1894,0.04144412
REEF1895,0.04144412
REEF1896,0.04144412
REEF1897,0.04144412
REEF1898,0.04144412
REEF1899,0.04144412
REEF1900,0.04144412
REEF1901,0.04144412
REEF1902,0.04144412
REEF1903,0.04144412
REEF1904,0.04144412
REEF1905,0.04144412
REEF1906,0.04144412
REEF1907,0.04144412
REEF1908,0.04144412
REEF1909,0.04144412
REEF1910,0.04144412
REEF1911,0.04144412
REEF1912,0.04144412
REEF1913,0.04144412
REEF1914,0.04144412
REEF1915,0.04144412
REEF1916,0.04144412
REEF1917,0.04144412
REEF1918,0.04144412
REEF1919,0.04144412
REEF1920,0.04144412
REEF1921,0.04144412
REEF1922,0.04144412
REEF1923,0.04144412
REEF1924,0.04144412
REEF1925,0.04144412
REEF1926,0.04144412
REEF1927,0.04144412
REEF1928,0.04144412
REEF1929,0.04144412
REEF1930,0.04144412
REEF1931,0.04144412
REEF1932,0.04144412
REEF1933,0.04144412
REEF1934,0.04144412
REEF1935,0.04144412
REEF1936,0.04144412
REEF1937,0.04144412
REEF1938,0.04144412
REEF1939,0.04144412
REEF1940,0.04144412
REEF1941,0.04144412
REEF1942,0.04144412
REEF1943,0.04144412
REEF1944,0.04144412
REEF1945,0.04144412
REEF1946,0.04144412
REEF1947,0.04144412
REEF1948,0.04144412
REEF1949,0.04144412
REEF1950,0.04144412
REEF1951,0.04144412
REEF1952,0.04144412
REEF1953,0.04144412
REEF1954,0.04144412
REEF1955,0.04144412
REEF1956,0.04144412
REEF1957,0.04144412
REEF1958,0.04144412
REEF1959,0.04144412
REEF1960,0.04144412
REEF1961,0.04144412
REEF1962,0.04144412
REEF1963,0.04144412
REEF1964,0.04144412
REEF1965,0.04144412
REEF1966,0.04144412
REEF1967,0.04144412
REEF1968,0.04144412
REEF1969,0.04144412
REEF1970,0.04144412
REEF1971,0.04144412
REEF1972,0.04144412
REEF1973,0.04144412
REEF1974,0.04144412
REEF1975,0.04144412
REEF1976,0.04144412
REEF1977,0.04144412
REEF1978,0.04144412
REEF1979,0.04144412
REEF1980,0.04144412
REEF1981,0.04144412
REEF1982,0.04144412
REEF1983,0.04144412
REEF1984,0.04144412
REEF1985,0.04144412
REEF1986,0.04144412
REEF1987,0.04144412
REEF1988,0.04144412
REEF1989,0.04144412
REEF1990,0.04144412
REEF1991,0.04144412
REEF1992,0.04144412
REEF1993,0.04144412
REEF1994,0.04144412
REEF1995,0.04144412
REEF1996,0.04144412
REEF1997,0.04144412
REEF1998,0.04144412
REEF1999,0.04144412
REEF2000,0.04144412
REEF2001,0.04144412
REEF2002,0.04144412
REEF2003,0.04144412
REEF2004,0.04144412
REEF2005,0.04144412
REEF2006,0.04144412
REEF2007,0.04144412
REEF2008,0.04144412
REEF2009,0.04144412
REEF2010,0.04144412
REEF2011,0.04144412
REEF2012,0.04144412
REEF2013,0.04144412
REEF2014,0.04144412
REEF2015,0.04144412
REEF2016,0.04144412
REEF2017,0.04144412
REEF2018,0.04144412
REEF2019,0.04144412
REEF2020,0.04144412
REEF2021,0.04144412
REEF2022,0.04144412
REEF2023,0.04144412
REEF2024,0.04144412
REEF2025,0.04144412
REEF2026,0.04144412
REEF2027,0.04144412
REEF2028,0.04144412
REEF2029,0.04144412
REEF2030,0.04144412
REEF2031,0.04144412
REEF2032,0.04144412
REEF2033,0.04144412
REEF2034,0.04144412
REEF2035,0.04144412
REEF2036,0.04144412
REEF2037,0.04144412
REEF2038,0.04144412
REEF2039,0.04144412
REEF2040,0.04144412
REEF2041,0.04144412
REEF2042,0.04144412
REEF2043,0.04144412
REEF2044,0.04144412
REEF2045,0.04144412
REEF2046,0.04144412
REEF2047,0.04144412
REEF2048,0.04144412
REEF2049,0.04144412
REEF2050,0.04144412
REEF2051,0.04144412
REEF2052,0.04144412
REEF2053,0.04144412
REEF2054,0.04144412
REEF2055,0.04144412
REEF2056,0.04144412
REEF2057,0.04144412
REEF2058,0.04144412
REEF2059,0.04144412
REEF2060,0.04144412
REEF2061,0.04144412
REEF2062,0.04144412
REEF2063,0.04144412
REEF2064,0.04144412
REEF2065,0.04144412
REEF2066,0.04144412
REEF2067,0.04144412
REEF2068,0.04144412
REEF2069,0.04144412
REEF2070,0.04144412
REEF2071,0.04144412
REEF2072,0.04144412
REEF2073,0.04144412
REEF2074,0.04144412
REEF2075,0.04144412
REEF2076,0.04144412
REEF2077,0.04144412
REEF2078,0.04144412
REEF2079,0.04144412
REEF2080,0.04144412
REEF2081,0.04144412
REEF2082,0.04144412
REEF2083,0.04144412
REEF2084,0.04144412
REEF2085,0.04144412
REEF2086,0.04144412
REEF2087,0.04144412
REEF2088,0.04144412
REEF2089,0.04144412
REEF2090,0.04144412
REEF2091,0.04144412
REEF2092,0.04144412
REEF2093,0.04144412
REEF2094,0.04144412
REEF2095,0.04144412
REEF2096,0.04144412
REEF2097,0.04144412
REEF2098,0.04144412
REEF2099,0.04144412
REEF2100,0.04144412
REEF2101,0.04144412
REEF2102,0.04144412
REEF2103,0.04144412
REEF2104,0.04144412
REEF2105,0.04144412
REEF2106,0.04144412
REEF2107,0.04144412
REEF2108,0.04144412
REEF2109,0.04144412
REEF2110,0.04144412
REEF2111,0.04144412
REEF2112,0.04144412
REEF2113,0.04144412
REEF2114,0.04144412
REEF2115,0.04144412
REEF2116,0.04144412
REEF2117,0.04144412
REEF2118,0.04144412
REEF2119,0.04144412
REEF2120,0.04144412
REEF2121,0.04144412
REEF2122,0.04144412
REEF2123,0.04144412
REEF2124,0.04144412
REEF2125,0.04144412
REEF2126,0.04144412
REEF2127,0.04144412
REEF2128,0.04144412
REEF2129,0.04144412
REEF2130,0.04144412
REEF2131,0.04144412
REEF2132,0.04144412
REEF2133,0.04144412
REEF2134,0.04144412
REEF2135,0.04144412
REEF2136,0.04144412
REEF2137,0.04144412
REEF2138,0.04144412
REEF2139,0.04144412
REEF2140,0.04144412
REEF2141,0.04144412
REEF2142,0.04144412
REEF2143,0.04144412
REEF2144,0.04144412
REEF2145,0.04144412
REEF2146,0.04144412
REEF2147,0.04144412
REEF2148,0.04144412
REEF2149,0.04144412
REEF2150,0.04144412
REEF2151,0.04144412
REEF2152,0.04144412
REEF2153,0.04144412
REEF2154,0.04144412
REEF2155,0.04144412
REEF2156,0.04144412
REEF2157,0.04144412
REEF2158,0.04144412
REEF2159,0.04144412
REEF2160,0.04144412
