REEF1,0.248757442,0.1,1
REEF2,0.248757442,0.1,1
REEF3,0.248757442,0.1,1
REEF4,0.248757442,0.1,1
REEF5,0.248757442,0.1,1
REEF6,0.248757442,0.1,1
REEF7,0.248757442,0.1,1
REEF8,0.248757442,0.1,1
REEF9,0.248757442,0.1,1
REEF10,0.248757442,0.1,1
REEF11,0.248757442,0.1,1
REEF12,0.248757442,0.1,1
REEF13,0.248757442,0.1,1
REEF14,0.248757442,0.1,1
REEF15,0.248757442,0.1,1
REEF16,0.248757442,0.1,1
REEF17,0.248757442,0.1,1
REEF18,0.248757442,0.1,1
REEF19,0.248757442,0.1,1
REEF20,0.248757442,0.1,1
REEF21,0.248757442,0.1,1
REEF22,0.248757442,0.1,1
REEF23,0.248757442,0.1,1
REEF24,0.248757442,0.1,1
REEF25,0.248757442,0.1,1
REEF26,0.248757442,0.1,1
REEF27,0.248757442,0.1,1
REEF28,0.248757442,0.1,1
REEF29,0.248757442,0.1,1
REEF30,0.248757442,0.1,1
REEF31,0.248757442,0.1,1
REEF32,0.248757442,0.1,1
REEF33,0.248757442,0.1,1
REEF34,0.248757442,0.1,1
REEF35,0.248757442,0.1,1
REEF36,0.248757442,0.1,1
REEF37,0.248757442,0.1,1
REEF38,0.248757442,0.1,1
REEF39,0.248757442,0.1,1
REEF40,0.248757442,0.1,1
REEF41,0.248757442,0.1,1
REEF42,0.248757442,0.1,1
REEF43,0.248757442,0.1,1
REEF44,0.248757442,0.1,1
REEF45,0.248757442,0.1,1
REEF46,0.248757442,0.1,1
REEF47,0.248757442,0.1,1
REEF48,0.248757442,0.1,1
REEF49,0.248757442,0.1,1
REEF50,0.248757442,0.1,1
REEF51,0.248757442,0.1,1
REEF52,0.248757442,0.1,1
REEF53,0.248757442,0.1,1
REEF54,0.248757442,0.1,1
REEF55,0.248757442,0.1,1
REEF56,0.248757442,0.1,1
REEF57,0.248757442,0.1,1
REEF58,0.248757442,0.1,1
REEF59,0.248757442,0.1,1
REEF60,0.248757442,0.1,1
REEF61,0.248757442,0.1,1
REEF62,0.248757442,0.1,1
REEF63,0.248757442,0.1,1
REEF64,0.248757442,0.1,1
REEF65,0.248757442,0.1,1
REEF66,0.248757442,0.1,1
REEF67,0.248757442,0.1,1
REEF68,0.248757442,0.1,1
REEF69,0.248757442,0.1,1
REEF70,0.248757442,0.1,1
REEF71,0.248757442,0.1,1
REEF72,0.248757442,0.1,1
REEF73,0.248757442,0.1,1
REEF74,0.248757442,0.1,1
REEF75,0.248757442,0.1,1
REEF76,0.248757442,0.1,1
REEF77,0.248757442,0.1,1
REEF78,0.248757442,0.1,1
REEF79,0.248757442,0.1,1
REEF80,0.248757442,0.1,1
REEF81,0.248757442,0.1,1
REEF82,0.248757442,0.1,1
REEF83,0.248757442,0.1,1
REEF84,0.248757442,0.1,1
REEF85,0.248757442,0.1,1
REEF86,0.248757442,0.1,1
REEF87,0.248757442,0.1,1
REEF88,0.248757442,0.1,1
REEF89,0.248757442,0.1,1
REEF90,0.248757442,0.1,1
REEF91,0.248757442,0.1,1
REEF92,0.248757442,0.1,1
REEF93,0.248757442,0.1,1
REEF94,0.248757442,0.1,1
REEF95,0.248757442,0.1,1
REEF96,0.248757442,0.1,1
REEF97,0.248757442,0.1,1
REEF98,0.248757442,0.1,1
REEF99,0.248757442,0.1,1
REEF100,0.248757442,0.1,1
REEF101,0.248757442,0.1,1
REEF102,0.248757442,0.1,1
REEF103,0.248757442,0.1,1
REEF104,0.248757442,0.1,1
REEF105,0.248757442,0.1,1
REEF106,0.248757442,0.1,1
REEF107,0.248757442,0.1,1
REEF108,0.248757442,0.1,1
REEF109,0.248757442,0.1,1
REEF110,0.248757442,0.1,1
REEF111,0.248757442,0.1,1
REEF112,0.248757442,0.1,1
REEF113,0.248757442,0.1,1
REEF114,0.248757442,0.1,1
REEF115,0.248757442,0.1,1
REEF116,0.248757442,0.1,1
REEF117,0.248757442,0.1,1
REEF118,0.248757442,0.1,1
REEF119,0.248757442,0.1,1
REEF120,0.248757442,0.1,1
REEF121,0.248757442,0.1,1
REEF122,0.248757442,0.1,1
REEF123,0.248757442,0.1,1
REEF124,0.248757442,0.1,1
REEF125,0.248757442,0.1,1
REEF126,0.248757442,0.1,1
REEF127,0.248757442,0.1,1
REEF128,0.248757442,0.1,1
REEF129,0.248757442,0.1,1
REEF130,0.248757442,0.1,1
REEF131,0.248757442,0.1,1
REEF132,0.248757442,0.1,1
REEF133,0.248757442,0.1,1
REEF134,0.248757442,0.1,1
REEF135,0.248757442,0.1,1
REEF136,0.248757442,0.1,1
REEF137,0.248757442,0.1,1
REEF138,0.248757442,0.1,1
REEF139,0.248757442,0.1,1
REEF140,0.248757442,0.1,1
REEF141,0.248757442,0.1,1
REEF142,0.248757442,0.1,1
REEF143,0.248757442,0.1,1
REEF144,0.248757442,0.1,1
REEF145,0.248757442,0.1,1
REEF146,0.248757442,0.1,1
REEF147,0.248757442,0.1,1
REEF148,0.248757442,0.1,1
REEF149,0.248757442,0.1,1
REEF150,0.248757442,0.1,1
REEF151,0.248757442,0.1,1
REEF152,0.248757442,0.1,1
REEF153,0.248757442,0.1,1
REEF154,0.248757442,0.1,1
REEF155,0.248757442,0.1,1
REEF156,0.248757442,0.1,1
REEF157,0.248757442,0.1,1
REEF158,0.248757442,0.1,1
REEF159,0.248757442,0.1,1
REEF160,0.248757442,0.1,1
REEF161,0.248757442,0.1,1
REEF162,0.248757442,0.1,1
REEF163,0.248757442,0.1,1
REEF164,0.248757442,0.1,1
REEF165,0.248757442,0.1,1
REEF166,0.248757442,0.1,1
REEF167,0.248757442,0.1,1
REEF168,0.248757442,0.1,1
REEF169,0.248757442,0.1,1
REEF170,0.248757442,0.1,1
REEF171,0.248757442,0.1,1
REEF172,0.248757442,0.1,1
REEF173,0.248757442,0.1,1
REEF174,0.248757442,0.1,1
REEF175,0.248757442,0.1,1
REEF176,0.248757442,0.1,1
REEF177,0.248757442,0.1,1
REEF178,0.248757442,0.1,1
REEF179,0.248757442,0.1,1
REEF180,0.248757442,0.1,1
REEF181,0.248757442,0.1,1
REEF182,0.248757442,0.1,1
REEF183,0.248757442,0.1,1
REEF184,0.248757442,0.1,1
REEF185,0.248757442,0.1,1
REEF186,0.248757442,0.1,1
REEF187,0.248757442,0.1,1
REEF188,0.248757442,0.1,1
REEF189,0.248757442,0.1,1
REEF190,0.248757442,0.1,1
REEF191,0.248757442,0.1,1
REEF192,0.248757442,0.1,1
REEF193,0.248757442,0.1,1
REEF194,0.248757442,0.1,1
REEF195,0.248757442,0.1,1
REEF196,0.248757442,0.1,1
REEF197,0.248757442,0.1,1
REEF198,0.248757442,0.1,1
REEF199,0.248757442,0.1,1
REEF200,0.248757442,0.1,1
REEF201,0.248757442,0.1,1
REEF202,0.248757442,0.1,1
REEF203,0.248757442,0.1,1
REEF204,0.248757442,0.1,1
REEF205,0.248757442,0.1,1
REEF206,0.248757442,0.1,1
REEF207,0.248757442,0.1,1
REEF208,0.248757442,0.1,1
REEF209,0.248757442,0.1,1
REEF210,0.248757442,0.1,1
REEF211,0.248757442,0.1,1
REEF212,0.248757442,0.1,1
REEF213,0.248757442,0.1,1
REEF214,0.248757442,0.1,1
REEF215,0.248757442,0.1,1
REEF216,0.248757442,0.1,1
REEF217,0.248757442,0.1,1
REEF218,0.248757442,0.1,1
REEF219,0.248757442,0.1,1
REEF220,0.248757442,0.1,1
REEF221,0.248757442,0.1,1
REEF222,0.248757442,0.1,1
REEF223,0.248757442,0.1,1
REEF224,0.248757442,0.1,1
REEF225,0.248757442,0.1,1
REEF226,0.248757442,0.1,1
REEF227,0.248757442,0.1,1
REEF228,0.248757442,0.1,1
REEF229,0.248757442,0.1,1
REEF230,0.248757442,0.1,1
REEF231,0.248757442,0.1,1
REEF232,0.248757442,0.1,1
REEF233,0.248757442,0.1,1
REEF234,0.248757442,0.1,1
REEF235,0.248757442,0.1,1
REEF236,0.248757442,0.1,1
REEF237,0.248757442,0.1,1
REEF238,0.248757442,0.1,1
REEF239,0.248757442,0.1,1
REEF240,0.248757442,0.1,1
REEF241,0.248757442,0.1,1
REEF242,0.248757442,0.1,1
REEF243,0.248757442,0.1,1
REEF244,0.248757442,0.1,1
REEF245,0.248757442,0.1,1
REEF246,0.248757442,0.1,1
REEF247,0.248757442,0.1,1
REEF248,0.248757442,0.1,1
REEF249,0.248757442,0.1,1
REEF250,0.248757442,0.1,1
REEF251,0.248757442,0.1,1
REEF252,0.248757442,0.1,1
REEF253,0.248757442,0.1,1
REEF254,0.248757442,0.1,1
REEF255,0.248757442,0.1,1
REEF256,0.248757442,0.1,1
REEF257,0.248757442,0.1,1
REEF258,0.248757442,0.1,1
REEF259,0.248757442,0.1,1
REEF260,0.248757442,0.1,1
REEF261,0.248757442,0.1,1
REEF262,0.248757442,0.1,1
REEF263,0.248757442,0.1,1
REEF264,0.248757442,0.1,1
REEF265,0.248757442,0.1,1
REEF266,0.248757442,0.1,1
REEF267,0.248757442,0.1,1
REEF268,0.248757442,0.1,1
REEF269,0.248757442,0.1,1
REEF270,0.248757442,0.1,1
REEF271,0.248757442,0.1,1
REEF272,0.248757442,0.1,1
REEF273,0.248757442,0.1,1
REEF274,0.248757442,0.1,1
REEF275,0.248757442,0.1,1
REEF276,0.248757442,0.1,1
REEF277,0.248757442,0.1,1
REEF278,0.248757442,0.1,1
REEF279,0.248757442,0.1,1
REEF280,0.248757442,0.1,1
REEF281,0.248757442,0.1,1
REEF282,0.248757442,0.1,1
REEF283,0.248757442,0.1,1
REEF284,0.248757442,0.1,1
REEF285,0.248757442,0.1,1
REEF286,0.248757442,0.1,1
REEF287,0.248757442,0.1,1
REEF288,0.248757442,0.1,1
REEF289,0.248757442,0.1,1
REEF290,0.248757442,0.1,1
REEF291,0.248757442,0.1,1
REEF292,0.248757442,0.1,1
REEF293,0.248757442,0.1,1
REEF294,0.248757442,0.1,1
REEF295,0.248757442,0.1,1
REEF296,0.248757442,0.1,1
REEF297,0.248757442,0.1,1
REEF298,0.248757442,0.1,1
REEF299,0.248757442,0.1,1
REEF300,0.248757442,0.1,1
REEF301,0.248757442,0.1,1
REEF302,0.248757442,0.1,1
REEF303,0.248757442,0.1,1
REEF304,0.248757442,0.1,1
REEF305,0.248757442,0.1,1
REEF306,0.248757442,0.1,1
REEF307,0.248757442,0.1,1
REEF308,0.248757442,0.1,1
REEF309,0.248757442,0.1,1
REEF310,0.248757442,0.1,1
REEF311,0.248757442,0.1,1
REEF312,0.248757442,0.1,1
REEF313,0.248757442,0.1,1
REEF314,0.248757442,0.1,1
REEF315,0.248757442,0.1,1
REEF316,0.248757442,0.1,1
REEF317,0.248757442,0.1,1
REEF318,0.248757442,0.1,1
REEF319,0.248757442,0.1,1
REEF320,0.248757442,0.1,1
REEF321,0.248757442,0.1,1
REEF322,0.248757442,0.1,1
REEF323,0.248757442,0.1,1
REEF324,0.248757442,0.1,1
REEF325,0.248757442,0.1,1
REEF326,0.248757442,0.1,1
REEF327,0.248757442,0.1,1
REEF328,0.248757442,0.1,1
REEF329,0.248757442,0.1,1
REEF330,0.248757442,0.1,1
REEF331,0.248757442,0.1,1
REEF332,0.248757442,0.1,1
REEF333,0.248757442,0.1,1
REEF334,0.248757442,0.1,1
REEF335,0.248757442,0.1,1
REEF336,0.248757442,0.1,1
REEF337,0.248757442,0.1,1
REEF338,0.248757442,0.1,1
REEF339,0.248757442,0.1,1
REEF340,0.248757442,0.1,1
REEF341,0.248757442,0.1,1
REEF342,0.248757442,0.1,1
REEF343,0.248757442,0.1,1
REEF344,0.248757442,0.1,1
REEF345,0.248757442,0.1,1
REEF346,0.248757442,0.1,1
REEF347,0.248757442,0.1,1
REEF348,0.248757442,0.1,1
REEF349,0.248757442,0.1,1
REEF350,0.248757442,0.1,1
REEF351,0.248757442,0.1,1
REEF352,0.248757442,0.1,1
REEF353,0.248757442,0.1,1
REEF354,0.248757442,0.1,1
REEF355,0.248757442,0.1,1
REEF356,0.248757442,0.1,1
REEF357,0.248757442,0.1,1
REEF358,0.248757442,0.1,1
REEF359,0.248757442,0.1,1
REEF360,0.248757442,0.1,1
REEF361,0.248757442,0.1,1
REEF362,0.248757442,0.1,1
REEF363,0.248757442,0.1,1
REEF364,0.248757442,0.1,1
REEF365,0.248757442,0.1,1
REEF366,0.248757442,0.1,1
REEF367,0.248757442,0.1,1
REEF368,0.248757442,0.1,1
REEF369,0.248757442,0.1,1
REEF370,0.248757442,0.1,1
REEF371,0.248757442,0.1,1
REEF372,0.248757442,0.1,1
REEF373,0.248757442,0.1,1
REEF374,0.248757442,0.1,1
REEF375,0.248757442,0.1,1
REEF376,0.248757442,0.1,1
REEF377,0.248757442,0.1,1
REEF378,0.248757442,0.1,1
REEF379,0.248757442,0.1,1
REEF380,0.248757442,0.1,1
REEF381,0.248757442,0.1,1
REEF382,0.248757442,0.1,1
REEF383,0.248757442,0.1,1
REEF384,0.248757442,0.1,1
REEF385,0.248757442,0.1,1
REEF386,0.248757442,0.1,1
REEF387,0.248757442,0.1,1
REEF388,0.248757442,0.1,1
REEF389,0.248757442,0.1,1
REEF390,0.248757442,0.1,1
REEF391,0.248757442,0.1,1
REEF392,0.248757442,0.1,1
REEF393,0.248757442,0.1,1
REEF394,0.248757442,0.1,1
REEF395,0.248757442,0.1,1
REEF396,0.248757442,0.1,1
REEF397,0.248757442,0.1,1
REEF398,0.248757442,0.1,1
REEF399,0.248757442,0.1,1
REEF400,0.248757442,0.1,1
REEF401,0.248757442,0.1,1
REEF402,0.248757442,0.1,1
REEF403,0.248757442,0.1,1
REEF404,0.248757442,0.1,1
REEF405,0.248757442,0.1,1
REEF406,0.248757442,0.1,1
REEF407,0.248757442,0.1,1
REEF408,0.248757442,0.1,1
REEF409,0.248757442,0.1,1
REEF410,0.248757442,0.1,1
REEF411,0.248757442,0.1,1
REEF412,0.248757442,0.1,1
REEF413,0.248757442,0.1,1
REEF414,0.248757442,0.1,1
REEF415,0.248757442,0.1,1
REEF416,0.248757442,0.1,1
REEF417,0.248757442,0.1,1
REEF418,0.248757442,0.1,1
REEF419,0.248757442,0.1,1
REEF420,0.248757442,0.1,1
REEF421,0.248757442,0.1,1
REEF422,0.248757442,0.1,1
REEF423,0.248757442,0.1,1
REEF424,0.248757442,0.1,1
REEF425,0.248757442,0.1,1
REEF426,0.248757442,0.1,1
REEF427,0.248757442,0.1,1
REEF428,0.248757442,0.1,1
REEF429,0.248757442,0.1,1
REEF430,0.248757442,0.1,1
REEF431,0.248757442,0.1,1
REEF432,0.248757442,0.1,1
REEF433,0.248757442,0.1,1
REEF434,0.248757442,0.1,1
REEF435,0.248757442,0.1,1
REEF436,0.248757442,0.1,1
REEF437,0.248757442,0.1,1
REEF438,0.248757442,0.1,1
REEF439,0.248757442,0.1,1
REEF440,0.248757442,0.1,1
REEF441,0.248757442,0.1,1
REEF442,0.248757442,0.1,1
REEF443,0.248757442,0.1,1
REEF444,0.248757442,0.1,1
REEF445,0.248757442,0.1,1
REEF446,0.248757442,0.1,1
REEF447,0.248757442,0.1,1
REEF448,0.248757442,0.1,1
REEF449,0.248757442,0.1,1
REEF450,0.248757442,0.1,1
REEF451,0.248757442,0.1,1
REEF452,0.248757442,0.1,1
REEF453,0.248757442,0.1,1
REEF454,0.248757442,0.1,1
REEF455,0.248757442,0.1,1
REEF456,0.248757442,0.1,1
REEF457,0.248757442,0.1,1
REEF458,0.248757442,0.1,1
REEF459,0.248757442,0.1,1
REEF460,0.248757442,0.1,1
REEF461,0.248757442,0.1,1
REEF462,0.248757442,0.1,1
REEF463,0.248757442,0.1,1
REEF464,0.248757442,0.1,1
REEF465,0.248757442,0.1,1
REEF466,0.248757442,0.1,1
REEF467,0.248757442,0.1,1
REEF468,0.248757442,0.1,1
REEF469,0.248757442,0.1,1
REEF470,0.248757442,0.1,1
REEF471,0.248757442,0.1,1
REEF472,0.248757442,0.1,1
REEF473,0.248757442,0.1,1
REEF474,0.248757442,0.1,1
REEF475,0.248757442,0.1,1
REEF476,0.248757442,0.1,1
REEF477,0.248757442,0.1,1
REEF478,0.248757442,0.1,1
REEF479,0.248757442,0.1,1
REEF480,0.248757442,0.1,1
REEF481,0.248757442,0.1,1
REEF482,0.248757442,0.1,1
REEF483,0.248757442,0.1,1
REEF484,0.248757442,0.1,1
REEF485,0.248757442,0.1,1
REEF486,0.248757442,0.1,1
REEF487,0.248757442,0.1,1
REEF488,0.248757442,0.1,1
REEF489,0.248757442,0.1,1
REEF490,0.248757442,0.1,1
REEF491,0.248757442,0.1,1
REEF492,0.248757442,0.1,1
REEF493,0.248757442,0.1,1
REEF494,0.248757442,0.1,1
REEF495,0.248757442,0.1,1
REEF496,0.248757442,0.1,1
REEF497,0.248757442,0.1,1
REEF498,0.248757442,0.1,1
REEF499,0.248757442,0.1,1
REEF500,0.248757442,0.1,1
REEF501,0.248757442,0.1,1
REEF502,0.248757442,0.1,1
REEF503,0.248757442,0.1,1
REEF504,0.248757442,0.1,1
REEF505,0.248757442,0.1,1
REEF506,0.248757442,0.1,1
REEF507,0.248757442,0.1,1
REEF508,0.248757442,0.1,1
REEF509,0.248757442,0.1,1
REEF510,0.248757442,0.1,1
REEF511,0.248757442,0.1,1
REEF512,0.248757442,0.1,1
REEF513,0.248757442,0.1,1
REEF514,0.248757442,0.1,1
REEF515,0.248757442,0.1,1
REEF516,0.248757442,0.1,1
REEF517,0.248757442,0.1,1
REEF518,0.248757442,0.1,1
REEF519,0.248757442,0.1,1
REEF520,0.248757442,0.1,1
REEF521,0.248757442,0.1,1
REEF522,0.248757442,0.1,1
REEF523,0.248757442,0.1,1
REEF524,0.248757442,0.1,1
REEF525,0.248757442,0.1,1
REEF526,0.248757442,0.1,1
REEF527,0.248757442,0.1,1
REEF528,0.248757442,0.1,1
REEF529,0.248757442,0.1,1
REEF530,0.248757442,0.1,1
REEF531,0.248757442,0.1,1
REEF532,0.248757442,0.1,1
REEF533,0.248757442,0.1,1
REEF534,0.248757442,0.1,1
REEF535,0.248757442,0.1,1
REEF536,0.248757442,0.1,1
REEF537,0.248757442,0.1,1
REEF538,0.248757442,0.1,1
REEF539,0.248757442,0.1,1
REEF540,0.248757442,0.1,1
REEF541,0.248757442,0.1,1
REEF542,0.248757442,0.1,1
REEF543,0.248757442,0.1,1
REEF544,0.248757442,0.1,1
REEF545,0.248757442,0.1,1
REEF546,0.248757442,0.1,1
REEF547,0.248757442,0.1,1
REEF548,0.248757442,0.1,1
REEF549,0.248757442,0.1,1
REEF550,0.248757442,0.1,1
REEF551,0.248757442,0.1,1
REEF552,0.248757442,0.1,1
REEF553,0.248757442,0.1,1
REEF554,0.248757442,0.1,1
REEF555,0.248757442,0.1,1
REEF556,0.248757442,0.1,1
REEF557,0.248757442,0.1,1
REEF558,0.248757442,0.1,1
REEF559,0.248757442,0.1,1
REEF560,0.248757442,0.1,1
REEF561,0.248757442,0.1,1
REEF562,0.248757442,0.1,1
REEF563,0.248757442,0.1,1
REEF564,0.248757442,0.1,1
REEF565,0.248757442,0.1,1
REEF566,0.248757442,0.1,1
REEF567,0.248757442,0.1,1
REEF568,0.248757442,0.1,1
REEF569,0.248757442,0.1,1
REEF570,0.248757442,0.1,1
REEF571,0.248757442,0.1,1
REEF572,0.248757442,0.1,1
REEF573,0.248757442,0.1,1
REEF574,0.248757442,0.1,1
REEF575,0.248757442,0.1,1
REEF576,0.248757442,0.1,1
REEF577,0.248757442,0.1,1
REEF578,0.248757442,0.1,1
REEF579,0.248757442,0.1,1
REEF580,0.248757442,0.1,1
REEF581,0.248757442,0.1,1
REEF582,0.248757442,0.1,1
REEF583,0.248757442,0.1,1
REEF584,0.248757442,0.1,1
REEF585,0.248757442,0.1,1
REEF586,0.248757442,0.1,1
REEF587,0.248757442,0.1,1
REEF588,0.248757442,0.1,1
REEF589,0.248757442,0.1,1
REEF590,0.248757442,0.1,1
REEF591,0.248757442,0.1,1
REEF592,0.248757442,0.1,1
REEF593,0.248757442,0.1,1
REEF594,0.248757442,0.1,1
REEF595,0.248757442,0.1,1
REEF596,0.248757442,0.1,1
REEF597,0.248757442,0.1,1
REEF598,0.248757442,0.1,1
REEF599,0.248757442,0.1,1
REEF600,0.248757442,0.1,1
REEF601,0.248757442,0.1,1
REEF602,0.248757442,0.1,1
REEF603,0.248757442,0.1,1
REEF604,0.248757442,0.1,1
REEF605,0.248757442,0.1,1
REEF606,0.248757442,0.1,1
REEF607,0.248757442,0.1,1
REEF608,0.248757442,0.1,1
REEF609,0.248757442,0.1,1
REEF610,0.248757442,0.1,1
REEF611,0.248757442,0.1,1
REEF612,0.248757442,0.1,1
REEF613,0.248757442,0.1,1
REEF614,0.248757442,0.1,1
REEF615,0.248757442,0.1,1
REEF616,0.248757442,0.1,1
REEF617,0.248757442,0.1,1
REEF618,0.248757442,0.1,1
REEF619,0.248757442,0.1,1
REEF620,0.248757442,0.1,1
REEF621,0.248757442,0.1,1
REEF622,0.248757442,0.1,1
REEF623,0.248757442,0.1,1
REEF624,0.248757442,0.1,1
REEF625,0.248757442,0.1,1
REEF626,0.248757442,0.1,1
REEF627,0.248757442,0.1,1
REEF628,0.248757442,0.1,1
REEF629,0.248757442,0.1,1
REEF630,0.248757442,0.1,1
REEF631,0.248757442,0.1,1
REEF632,0.248757442,0.1,1
REEF633,0.248757442,0.1,1
REEF634,0.248757442,0.1,1
REEF635,0.248757442,0.1,1
REEF636,0.248757442,0.1,1
REEF637,0.248757442,0.1,1
REEF638,0.248757442,0.1,1
REEF639,0.248757442,0.1,1
REEF640,0.248757442,0.1,1
REEF641,0.248757442,0.1,1
REEF642,0.248757442,0.1,1
REEF643,0.248757442,0.1,1
REEF644,0.248757442,0.1,1
REEF645,0.248757442,0.1,1
REEF646,0.248757442,0.1,1
REEF647,0.248757442,0.1,1
REEF648,0.248757442,0.1,1
REEF649,0.248757442,0.1,1
REEF650,0.248757442,0.1,1
REEF651,0.248757442,0.1,1
REEF652,0.248757442,0.1,1
REEF653,0.248757442,0.1,1
REEF654,0.248757442,0.1,1
REEF655,0.248757442,0.1,1
REEF656,0.248757442,0.1,1
REEF657,0.248757442,0.1,1
REEF658,0.248757442,0.1,1
REEF659,0.248757442,0.1,1
REEF660,0.248757442,0.1,1
REEF661,0.248757442,0.1,1
REEF662,0.248757442,0.1,1
REEF663,0.248757442,0.1,1
REEF664,0.248757442,0.1,1
REEF665,0.248757442,0.1,1
REEF666,0.248757442,0.1,1
REEF667,0.248757442,0.1,1
REEF668,0.248757442,0.1,1
REEF669,0.248757442,0.1,1
REEF670,0.248757442,0.1,1
REEF671,0.248757442,0.1,1
REEF672,0.248757442,0.1,1
REEF673,0.248757442,0.1,1
REEF674,0.248757442,0.1,1
REEF675,0.248757442,0.1,1
REEF676,0.248757442,0.1,1
REEF677,0.248757442,0.1,1
REEF678,0.248757442,0.1,1
REEF679,0.248757442,0.1,1
REEF680,0.248757442,0.1,1
REEF681,0.248757442,0.1,1
REEF682,0.248757442,0.1,1
REEF683,0.248757442,0.1,1
REEF684,0.248757442,0.1,1
REEF685,0.248757442,0.1,1
REEF686,0.248757442,0.1,1
REEF687,0.248757442,0.1,1
REEF688,0.248757442,0.1,1
REEF689,0.248757442,0.1,1
REEF690,0.248757442,0.1,1
REEF691,0.248757442,0.1,1
REEF692,0.248757442,0.1,1
REEF693,0.248757442,0.1,1
REEF694,0.248757442,0.1,1
REEF695,0.248757442,0.1,1
REEF696,0.248757442,0.1,1
REEF697,0.248757442,0.1,1
REEF698,0.248757442,0.1,1
REEF699,0.248757442,0.1,1
REEF700,0.248757442,0.1,1
REEF701,0.248757442,0.1,1
REEF702,0.248757442,0.1,1
REEF703,0.248757442,0.1,1
REEF704,0.248757442,0.1,1
REEF705,0.248757442,0.1,1
REEF706,0.248757442,0.1,1
REEF707,0.248757442,0.1,1
REEF708,0.248757442,0.1,1
REEF709,0.248757442,0.1,1
REEF710,0.248757442,0.1,1
REEF711,0.248757442,0.1,1
REEF712,0.248757442,0.1,1
REEF713,0.248757442,0.1,1
REEF714,0.248757442,0.1,1
REEF715,0.248757442,0.1,1
REEF716,0.248757442,0.1,1
REEF717,0.248757442,0.1,1
REEF718,0.248757442,0.1,1
REEF719,0.248757442,0.1,1
REEF720,0.248757442,0.1,1
REEF721,0.248757442,0.1,1
REEF722,0.248757442,0.1,1
REEF723,0.248757442,0.1,1
REEF724,0.248757442,0.1,1
REEF725,0.248757442,0.1,1
REEF726,0.248757442,0.1,1
REEF727,0.248757442,0.1,1
REEF728,0.248757442,0.1,1
REEF729,0.248757442,0.1,1
REEF730,0.248757442,0.1,1
REEF731,0.248757442,0.1,1
REEF732,0.248757442,0.1,1
REEF733,0.248757442,0.1,1
REEF734,0.248757442,0.1,1
REEF735,0.248757442,0.1,1
REEF736,0.248757442,0.1,1
REEF737,0.248757442,0.1,1
REEF738,0.248757442,0.1,1
REEF739,0.248757442,0.1,1
REEF740,0.248757442,0.1,1
REEF741,0.248757442,0.1,1
REEF742,0.248757442,0.1,1
REEF743,0.248757442,0.1,1
REEF744,0.248757442,0.1,1
REEF745,0.248757442,0.1,1
REEF746,0.248757442,0.1,1
REEF747,0.248757442,0.1,1
REEF748,0.248757442,0.1,1
REEF749,0.248757442,0.1,1
REEF750,0.248757442,0.1,1
REEF751,0.248757442,0.1,1
REEF752,0.248757442,0.1,1
REEF753,0.248757442,0.1,1
REEF754,0.248757442,0.1,1
REEF755,0.248757442,0.1,1
REEF756,0.248757442,0.1,1
REEF757,0.248757442,0.1,1
REEF758,0.248757442,0.1,1
REEF759,0.248757442,0.1,1
REEF760,0.248757442,0.1,1
REEF761,0.248757442,0.1,1
REEF762,0.248757442,0.1,1
REEF763,0.248757442,0.1,1
REEF764,0.248757442,0.1,1
REEF765,0.248757442,0.1,1
REEF766,0.248757442,0.1,1
REEF767,0.248757442,0.1,1
REEF768,0.248757442,0.1,1
REEF769,0.248757442,0.1,1
REEF770,0.248757442,0.1,1
REEF771,0.248757442,0.1,1
REEF772,0.248757442,0.1,1
REEF773,0.248757442,0.1,1
REEF774,0.248757442,0.1,1
REEF775,0.248757442,0.1,1
REEF776,0.248757442,0.1,1
REEF777,0.248757442,0.1,1
REEF778,0.248757442,0.1,1
REEF779,0.248757442,0.1,1
REEF780,0.248757442,0.1,1
REEF781,0.248757442,0.1,1
REEF782,0.248757442,0.1,1
REEF783,0.248757442,0.1,1
REEF784,0.248757442,0.1,1
REEF785,0.248757442,0.1,1
REEF786,0.248757442,0.1,1
REEF787,0.248757442,0.1,1
REEF788,0.248757442,0.1,1
REEF789,0.248757442,0.1,1
REEF790,0.248757442,0.1,1
REEF791,0.248757442,0.1,1
REEF792,0.248757442,0.1,1
REEF793,0.248757442,0.1,1
REEF794,0.248757442,0.1,1
REEF795,0.248757442,0.1,1
REEF796,0.248757442,0.1,1
REEF797,0.248757442,0.1,1
REEF798,0.248757442,0.1,1
REEF799,0.248757442,0.1,1
REEF800,0.248757442,0.1,1
REEF801,0.248757442,0.1,1
REEF802,0.248757442,0.1,1
REEF803,0.248757442,0.1,1
REEF804,0.248757442,0.1,1
REEF805,0.248757442,0.1,1
REEF806,0.248757442,0.1,1
REEF807,0.248757442,0.1,1
REEF808,0.248757442,0.1,1
REEF809,0.248757442,0.1,1
REEF810,0.248757442,0.1,1
REEF811,0.248757442,0.1,1
REEF812,0.248757442,0.1,1
REEF813,0.248757442,0.1,1
REEF814,0.248757442,0.1,1
REEF815,0.248757442,0.1,1
REEF816,0.248757442,0.1,1
REEF817,0.248757442,0.1,1
REEF818,0.248757442,0.1,1
REEF819,0.248757442,0.1,1
REEF820,0.248757442,0.1,1
REEF821,0.248757442,0.1,1
REEF822,0.248757442,0.1,1
REEF823,0.248757442,0.1,1
REEF824,0.248757442,0.1,1
REEF825,0.248757442,0.1,1
REEF826,0.248757442,0.1,1
REEF827,0.248757442,0.1,1
REEF828,0.248757442,0.1,1
REEF829,0.248757442,0.1,1
REEF830,0.248757442,0.1,1
REEF831,0.248757442,0.1,1
REEF832,0.248757442,0.1,1
REEF833,0.248757442,0.1,1
REEF834,0.248757442,0.1,1
REEF835,0.248757442,0.1,1
REEF836,0.248757442,0.1,1
REEF837,0.248757442,0.1,1
REEF838,0.248757442,0.1,1
REEF839,0.248757442,0.1,1
REEF840,0.248757442,0.1,1
REEF841,0.248757442,0.1,1
REEF842,0.248757442,0.1,1
REEF843,0.248757442,0.1,1
REEF844,0.248757442,0.1,1
REEF845,0.248757442,0.1,1
REEF846,0.248757442,0.1,1
REEF847,0.248757442,0.1,1
REEF848,0.248757442,0.1,1
REEF849,0.248757442,0.1,1
REEF850,0.248757442,0.1,1
REEF851,0.248757442,0.1,1
REEF852,0.248757442,0.1,1
REEF853,0.248757442,0.1,1
REEF854,0.248757442,0.1,1
REEF855,0.248757442,0.1,1
REEF856,0.248757442,0.1,1
REEF857,0.248757442,0.1,1
REEF858,0.248757442,0.1,1
REEF859,0.248757442,0.1,1
REEF860,0.248757442,0.1,1
REEF861,0.248757442,0.1,1
REEF862,0.248757442,0.1,1
REEF863,0.248757442,0.1,1
REEF864,0.248757442,0.1,1
REEF865,0.248757442,0.1,1
REEF866,0.248757442,0.1,1
REEF867,0.248757442,0.1,1
REEF868,0.248757442,0.1,1
REEF869,0.248757442,0.1,1
REEF870,0.248757442,0.1,1
REEF871,0.248757442,0.1,1
REEF872,0.248757442,0.1,1
REEF873,0.248757442,0.1,1
REEF874,0.248757442,0.1,1
REEF875,0.248757442,0.1,1
REEF876,0.248757442,0.1,1
REEF877,0.248757442,0.1,1
REEF878,0.248757442,0.1,1
REEF879,0.248757442,0.1,1
REEF880,0.248757442,0.1,1
REEF881,0.248757442,0.1,1
REEF882,0.248757442,0.1,1
REEF883,0.248757442,0.1,1
REEF884,0.248757442,0.1,1
REEF885,0.248757442,0.1,1
REEF886,0.248757442,0.1,1
REEF887,0.248757442,0.1,1
REEF888,0.248757442,0.1,1
REEF889,0.248757442,0.1,1
REEF890,0.248757442,0.1,1
REEF891,0.248757442,0.1,1
REEF892,0.248757442,0.1,1
REEF893,0.248757442,0.1,1
REEF894,0.248757442,0.1,1
REEF895,0.248757442,0.1,1
REEF896,0.248757442,0.1,1
REEF897,0.248757442,0.1,1
REEF898,0.248757442,0.1,1
REEF899,0.248757442,0.1,1
REEF900,0.248757442,0.1,1
REEF901,0.248757442,0.1,1
REEF902,0.248757442,0.1,1
REEF903,0.248757442,0.1,1
REEF904,0.248757442,0.1,1
REEF905,0.248757442,0.1,1
REEF906,0.248757442,0.1,1
REEF907,0.248757442,0.1,1
REEF908,0.248757442,0.1,1
REEF909,0.248757442,0.1,1
REEF910,0.248757442,0.1,1
REEF911,0.248757442,0.1,1
REEF912,0.248757442,0.1,1
REEF913,0.248757442,0.1,1
REEF914,0.248757442,0.1,1
REEF915,0.248757442,0.1,1
REEF916,0.248757442,0.1,1
REEF917,0.248757442,0.1,1
REEF918,0.248757442,0.1,1
REEF919,0.248757442,0.1,1
REEF920,0.248757442,0.1,1
REEF921,0.248757442,0.1,1
REEF922,0.248757442,0.1,1
REEF923,0.248757442,0.1,1
REEF924,0.248757442,0.1,1
REEF925,0.248757442,0.1,1
REEF926,0.248757442,0.1,1
REEF927,0.248757442,0.1,1
REEF928,0.248757442,0.1,1
REEF929,0.248757442,0.1,1
REEF930,0.248757442,0.1,1
REEF931,0.248757442,0.1,1
REEF932,0.248757442,0.1,1
REEF933,0.248757442,0.1,1
REEF934,0.248757442,0.1,1
REEF935,0.248757442,0.1,1
REEF936,0.248757442,0.1,1
REEF937,0.248757442,0.1,1
REEF938,0.248757442,0.1,1
REEF939,0.248757442,0.1,1
REEF940,0.248757442,0.1,1
REEF941,0.248757442,0.1,1
REEF942,0.248757442,0.1,1
REEF943,0.248757442,0.1,1
REEF944,0.248757442,0.1,1
REEF945,0.248757442,0.1,1
REEF946,0.248757442,0.1,1
REEF947,0.248757442,0.1,1
REEF948,0.248757442,0.1,1
REEF949,0.248757442,0.1,1
REEF950,0.248757442,0.1,1
REEF951,0.248757442,0.1,1
REEF952,0.248757442,0.1,1
REEF953,0.248757442,0.1,1
REEF954,0.248757442,0.1,1
REEF955,0.248757442,0.1,1
REEF956,0.248757442,0.1,1
REEF957,0.248757442,0.1,1
REEF958,0.248757442,0.1,1
REEF959,0.248757442,0.1,1
REEF960,0.248757442,0.1,1
REEF961,0.248757442,0.1,1
REEF962,0.248757442,0.1,1
REEF963,0.248757442,0.1,1
REEF964,0.248757442,0.1,1
REEF965,0.248757442,0.1,1
REEF966,0.248757442,0.1,1
REEF967,0.248757442,0.1,1
REEF968,0.248757442,0.1,1
REEF969,0.248757442,0.1,1
REEF970,0.248757442,0.1,1
REEF971,0.248757442,0.1,1
REEF972,0.248757442,0.1,1
REEF973,0.248757442,0.1,1
REEF974,0.248757442,0.1,1
REEF975,0.248757442,0.1,1
REEF976,0.248757442,0.1,1
REEF977,0.248757442,0.1,1
REEF978,0.248757442,0.1,1
REEF979,0.248757442,0.1,1
REEF980,0.248757442,0.1,1
REEF981,0.248757442,0.1,1
REEF982,0.248757442,0.1,1
REEF983,0.248757442,0.1,1
REEF984,0.248757442,0.1,1
REEF985,0.248757442,0.1,1
REEF986,0.248757442,0.1,1
REEF987,0.248757442,0.1,1
REEF988,0.248757442,0.1,1
REEF989,0.248757442,0.1,1
REEF990,0.248757442,0.1,1
REEF991,0.248757442,0.1,1
REEF992,0.248757442,0.1,1
REEF993,0.248757442,0.1,1
REEF994,0.248757442,0.1,1
REEF995,0.248757442,0.1,1
REEF996,0.248757442,0.1,1
REEF997,0.248757442,0.1,1
REEF998,0.248757442,0.1,1
REEF999,0.248757442,0.1,1
REEF1000,0.248757442,0.1,1
REEF1001,0.248757442,0.1,1
REEF1002,0.248757442,0.1,1
REEF1003,0.248757442,0.1,1
REEF1004,0.248757442,0.1,1
REEF1005,0.248757442,0.1,1
REEF1006,0.248757442,0.1,1
REEF1007,0.248757442,0.1,1
REEF1008,0.248757442,0.1,1
REEF1009,0.248757442,0.1,1
REEF1010,0.248757442,0.1,1
REEF1011,0.248757442,0.1,1
REEF1012,0.248757442,0.1,1
REEF1013,0.248757442,0.1,1
REEF1014,0.248757442,0.1,1
REEF1015,0.248757442,0.1,1
REEF1016,0.248757442,0.1,1
REEF1017,0.248757442,0.1,1
REEF1018,0.248757442,0.1,1
REEF1019,0.248757442,0.1,1
REEF1020,0.248757442,0.1,1
REEF1021,0.248757442,0.1,1
REEF1022,0.248757442,0.1,1
REEF1023,0.248757442,0.1,1
REEF1024,0.248757442,0.1,1
REEF1025,0.248757442,0.1,1
REEF1026,0.248757442,0.1,1
REEF1027,0.248757442,0.1,1
REEF1028,0.248757442,0.1,1
REEF1029,0.248757442,0.1,1
REEF1030,0.248757442,0.1,1
REEF1031,0.248757442,0.1,1
REEF1032,0.248757442,0.1,1
REEF1033,0.248757442,0.1,1
REEF1034,0.248757442,0.1,1
REEF1035,0.248757442,0.1,1
REEF1036,0.248757442,0.1,1
REEF1037,0.248757442,0.1,1
REEF1038,0.248757442,0.1,1
REEF1039,0.248757442,0.1,1
REEF1040,0.248757442,0.1,1
REEF1041,0.248757442,0.1,1
REEF1042,0.248757442,0.1,1
REEF1043,0.248757442,0.1,1
REEF1044,0.248757442,0.1,1
REEF1045,0.248757442,0.1,1
REEF1046,0.248757442,0.1,1
REEF1047,0.248757442,0.1,1
REEF1048,0.248757442,0.1,1
REEF1049,0.248757442,0.1,1
REEF1050,0.248757442,0.1,1
REEF1051,0.248757442,0.1,1
REEF1052,0.248757442,0.1,1
REEF1053,0.248757442,0.1,1
REEF1054,0.248757442,0.1,1
REEF1055,0.248757442,0.1,1
REEF1056,0.248757442,0.1,1
REEF1057,0.248757442,0.1,1
REEF1058,0.248757442,0.1,1
REEF1059,0.248757442,0.1,1
REEF1060,0.248757442,0.1,1
REEF1061,0.248757442,0.1,1
REEF1062,0.248757442,0.1,1
REEF1063,0.248757442,0.1,1
REEF1064,0.248757442,0.1,1
REEF1065,0.248757442,0.1,1
REEF1066,0.248757442,0.1,1
REEF1067,0.248757442,0.1,1
REEF1068,0.248757442,0.1,1
REEF1069,0.248757442,0.1,1
REEF1070,0.248757442,0.1,1
REEF1071,0.248757442,0.1,1
REEF1072,0.248757442,0.1,1
REEF1073,0.248757442,0.1,1
REEF1074,0.248757442,0.1,1
REEF1075,0.248757442,0.1,1
REEF1076,0.248757442,0.1,1
REEF1077,0.248757442,0.1,1
REEF1078,0.248757442,0.1,1
REEF1079,0.248757442,0.1,1
REEF1080,0.248757442,0.1,1
REEF1081,0.248757442,0.1,1
REEF1082,0.248757442,0.1,1
REEF1083,0.248757442,0.1,1
REEF1084,0.248757442,0.1,1
REEF1085,0.248757442,0.1,1
REEF1086,0.248757442,0.1,1
REEF1087,0.248757442,0.1,1
REEF1088,0.248757442,0.1,1
REEF1089,0.248757442,0.1,1
REEF1090,0.248757442,0.1,1
REEF1091,0.248757442,0.1,1
REEF1092,0.248757442,0.1,1
REEF1093,0.248757442,0.1,1
REEF1094,0.248757442,0.1,1
REEF1095,0.248757442,0.1,1
REEF1096,0.248757442,0.1,1
REEF1097,0.248757442,0.1,1
REEF1098,0.248757442,0.1,1
REEF1099,0.248757442,0.1,1
REEF1100,0.248757442,0.1,1
REEF1101,0.248757442,0.1,1
REEF1102,0.248757442,0.1,1
REEF1103,0.248757442,0.1,1
REEF1104,0.248757442,0.1,1
REEF1105,0.248757442,0.1,1
REEF1106,0.248757442,0.1,1
REEF1107,0.248757442,0.1,1
REEF1108,0.248757442,0.1,1
REEF1109,0.248757442,0.1,1
REEF1110,0.248757442,0.1,1
REEF1111,0.248757442,0.1,1
REEF1112,0.248757442,0.1,1
REEF1113,0.248757442,0.1,1
REEF1114,0.248757442,0.1,1
REEF1115,0.248757442,0.1,1
REEF1116,0.248757442,0.1,1
REEF1117,0.248757442,0.1,1
REEF1118,0.248757442,0.1,1
REEF1119,0.248757442,0.1,1
REEF1120,0.248757442,0.1,1
REEF1121,0.248757442,0.1,1
REEF1122,0.248757442,0.1,1
REEF1123,0.248757442,0.1,1
REEF1124,0.248757442,0.1,1
REEF1125,0.248757442,0.1,1
REEF1126,0.248757442,0.1,1
REEF1127,0.248757442,0.1,1
REEF1128,0.248757442,0.1,1
REEF1129,0.248757442,0.1,1
REEF1130,0.248757442,0.1,1
REEF1131,0.248757442,0.1,1
REEF1132,0.248757442,0.1,1
REEF1133,0.248757442,0.1,1
REEF1134,0.248757442,0.1,1
REEF1135,0.248757442,0.1,1
REEF1136,0.248757442,0.1,1
REEF1137,0.248757442,0.1,1
REEF1138,0.248757442,0.1,1
REEF1139,0.248757442,0.1,1
REEF1140,0.248757442,0.1,1
REEF1141,0.248757442,0.1,1
REEF1142,0.248757442,0.1,1
REEF1143,0.248757442,0.1,1
REEF1144,0.248757442,0.1,1
REEF1145,0.248757442,0.1,1
REEF1146,0.248757442,0.1,1
REEF1147,0.248757442,0.1,1
REEF1148,0.248757442,0.1,1
REEF1149,0.248757442,0.1,1
REEF1150,0.248757442,0.1,1
REEF1151,0.248757442,0.1,1
REEF1152,0.248757442,0.1,1
REEF1153,0.248757442,0.1,1
REEF1154,0.248757442,0.1,1
REEF1155,0.248757442,0.1,1
REEF1156,0.248757442,0.1,1
REEF1157,0.248757442,0.1,1
REEF1158,0.248757442,0.1,1
REEF1159,0.248757442,0.1,1
REEF1160,0.248757442,0.1,1
REEF1161,0.248757442,0.1,1
REEF1162,0.248757442,0.1,1
REEF1163,0.248757442,0.1,1
REEF1164,0.248757442,0.1,1
REEF1165,0.248757442,0.1,1
REEF1166,0.248757442,0.1,1
REEF1167,0.248757442,0.1,1
REEF1168,0.248757442,0.1,1
REEF1169,0.248757442,0.1,1
REEF1170,0.248757442,0.1,1
REEF1171,0.248757442,0.1,1
REEF1172,0.248757442,0.1,1
REEF1173,0.248757442,0.1,1
REEF1174,0.248757442,0.1,1
REEF1175,0.248757442,0.1,1
REEF1176,0.248757442,0.1,1
REEF1177,0.248757442,0.1,1
REEF1178,0.248757442,0.1,1
REEF1179,0.248757442,0.1,1
REEF1180,0.248757442,0.1,1
REEF1181,0.248757442,0.1,1
REEF1182,0.248757442,0.1,1
REEF1183,0.248757442,0.1,1
REEF1184,0.248757442,0.1,1
REEF1185,0.248757442,0.1,1
REEF1186,0.248757442,0.1,1
REEF1187,0.248757442,0.1,1
REEF1188,0.248757442,0.1,1
REEF1189,0.248757442,0.1,1
REEF1190,0.248757442,0.1,1
REEF1191,0.248757442,0.1,1
REEF1192,0.248757442,0.1,1
REEF1193,0.248757442,0.1,1
REEF1194,0.248757442,0.1,1
REEF1195,0.248757442,0.1,1
REEF1196,0.248757442,0.1,1
REEF1197,0.248757442,0.1,1
REEF1198,0.248757442,0.1,1
REEF1199,0.248757442,0.1,1
REEF1200,0.248757442,0.1,1
REEF1201,0.248757442,0.1,1
REEF1202,0.248757442,0.1,1
REEF1203,0.248757442,0.1,1
REEF1204,0.248757442,0.1,1
REEF1205,0.248757442,0.1,1
REEF1206,0.248757442,0.1,1
REEF1207,0.248757442,0.1,1
REEF1208,0.248757442,0.1,1
REEF1209,0.248757442,0.1,1
REEF1210,0.248757442,0.1,1
REEF1211,0.248757442,0.1,1
REEF1212,0.248757442,0.1,1
REEF1213,0.248757442,0.1,1
REEF1214,0.248757442,0.1,1
REEF1215,0.248757442,0.1,1
REEF1216,0.248757442,0.1,1
REEF1217,0.248757442,0.1,1
REEF1218,0.248757442,0.1,1
REEF1219,0.248757442,0.1,1
REEF1220,0.248757442,0.1,1
REEF1221,0.248757442,0.1,1
REEF1222,0.248757442,0.1,1
REEF1223,0.248757442,0.1,1
REEF1224,0.248757442,0.1,1
REEF1225,0.248757442,0.1,1
REEF1226,0.248757442,0.1,1
REEF1227,0.248757442,0.1,1
REEF1228,0.248757442,0.1,1
REEF1229,0.248757442,0.1,1
REEF1230,0.248757442,0.1,1
REEF1231,0.248757442,0.1,1
REEF1232,0.248757442,0.1,1
REEF1233,0.248757442,0.1,1
REEF1234,0.248757442,0.1,1
REEF1235,0.248757442,0.1,1
REEF1236,0.248757442,0.1,1
REEF1237,0.248757442,0.1,1
REEF1238,0.248757442,0.1,1
REEF1239,0.248757442,0.1,1
REEF1240,0.248757442,0.1,1
REEF1241,0.248757442,0.1,1
REEF1242,0.248757442,0.1,1
REEF1243,0.248757442,0.1,1
REEF1244,0.248757442,0.1,1
REEF1245,0.248757442,0.1,1
REEF1246,0.248757442,0.1,1
REEF1247,0.248757442,0.1,1
REEF1248,0.248757442,0.1,1
REEF1249,0.248757442,0.1,1
REEF1250,0.248757442,0.1,1
REEF1251,0.248757442,0.1,1
REEF1252,0.248757442,0.1,1
REEF1253,0.248757442,0.1,1
REEF1254,0.248757442,0.1,1
REEF1255,0.248757442,0.1,1
REEF1256,0.248757442,0.1,1
REEF1257,0.248757442,0.1,1
REEF1258,0.248757442,0.1,1
REEF1259,0.248757442,0.1,1
REEF1260,0.248757442,0.1,1
REEF1261,0.248757442,0.1,1
REEF1262,0.248757442,0.1,1
REEF1263,0.248757442,0.1,1
REEF1264,0.248757442,0.1,1
REEF1265,0.248757442,0.1,1
REEF1266,0.248757442,0.1,1
REEF1267,0.248757442,0.1,1
REEF1268,0.248757442,0.1,1
REEF1269,0.248757442,0.1,1
REEF1270,0.248757442,0.1,1
REEF1271,0.248757442,0.1,1
REEF1272,0.248757442,0.1,1
REEF1273,0.248757442,0.1,1
REEF1274,0.248757442,0.1,1
REEF1275,0.248757442,0.1,1
REEF1276,0.248757442,0.1,1
REEF1277,0.248757442,0.1,1
REEF1278,0.248757442,0.1,1
REEF1279,0.248757442,0.1,1
REEF1280,0.248757442,0.1,1
REEF1281,0.248757442,0.1,1
REEF1282,0.248757442,0.1,1
REEF1283,0.248757442,0.1,1
REEF1284,0.248757442,0.1,1
REEF1285,0.248757442,0.1,1
REEF1286,0.248757442,0.1,1
REEF1287,0.248757442,0.1,1
REEF1288,0.248757442,0.1,1
REEF1289,0.248757442,0.1,1
REEF1290,0.248757442,0.1,1
REEF1291,0.248757442,0.1,1
REEF1292,0.248757442,0.1,1
REEF1293,0.248757442,0.1,1
REEF1294,0.248757442,0.1,1
REEF1295,0.248757442,0.1,1
REEF1296,0.248757442,0.1,1
REEF1297,0.248757442,0.1,1
REEF1298,0.248757442,0.1,1
REEF1299,0.248757442,0.1,1
REEF1300,0.248757442,0.1,1
REEF1301,0.248757442,0.1,1
REEF1302,0.248757442,0.1,1
REEF1303,0.248757442,0.1,1
REEF1304,0.248757442,0.1,1
REEF1305,0.248757442,0.1,1
REEF1306,0.248757442,0.1,1
REEF1307,0.248757442,0.1,1
REEF1308,0.248757442,0.1,1
REEF1309,0.248757442,0.1,1
REEF1310,0.248757442,0.1,1
REEF1311,0.248757442,0.1,1
REEF1312,0.248757442,0.1,1
REEF1313,0.248757442,0.1,1
REEF1314,0.248757442,0.1,1
REEF1315,0.248757442,0.1,1
REEF1316,0.248757442,0.1,1
REEF1317,0.248757442,0.1,1
REEF1318,0.248757442,0.1,1
REEF1319,0.248757442,0.1,1
REEF1320,0.248757442,0.1,1
REEF1321,0.248757442,0.1,1
REEF1322,0.248757442,0.1,1
REEF1323,0.248757442,0.1,1
REEF1324,0.248757442,0.1,1
REEF1325,0.248757442,0.1,1
REEF1326,0.248757442,0.1,1
REEF1327,0.248757442,0.1,1
REEF1328,0.248757442,0.1,1
REEF1329,0.248757442,0.1,1
REEF1330,0.248757442,0.1,1
REEF1331,0.248757442,0.1,1
REEF1332,0.248757442,0.1,1
REEF1333,0.248757442,0.1,1
REEF1334,0.248757442,0.1,1
REEF1335,0.248757442,0.1,1
REEF1336,0.248757442,0.1,1
REEF1337,0.248757442,0.1,1
REEF1338,0.248757442,0.1,1
REEF1339,0.248757442,0.1,1
REEF1340,0.248757442,0.1,1
REEF1341,0.248757442,0.1,1
REEF1342,0.248757442,0.1,1
REEF1343,0.248757442,0.1,1
REEF1344,0.248757442,0.1,1
REEF1345,0.248757442,0.1,1
REEF1346,0.248757442,0.1,1
REEF1347,0.248757442,0.1,1
REEF1348,0.248757442,0.1,1
REEF1349,0.248757442,0.1,1
REEF1350,0.248757442,0.1,1
REEF1351,0.248757442,0.1,1
REEF1352,0.248757442,0.1,1
REEF1353,0.248757442,0.1,1
REEF1354,0.248757442,0.1,1
REEF1355,0.248757442,0.1,1
REEF1356,0.248757442,0.1,1
REEF1357,0.248757442,0.1,1
REEF1358,0.248757442,0.1,1
REEF1359,0.248757442,0.1,1
REEF1360,0.248757442,0.1,1
REEF1361,0.248757442,0.1,1
REEF1362,0.248757442,0.1,1
REEF1363,0.248757442,0.1,1
REEF1364,0.248757442,0.1,1
REEF1365,0.248757442,0.1,1
REEF1366,0.248757442,0.1,1
REEF1367,0.248757442,0.1,1
REEF1368,0.248757442,0.1,1
REEF1369,0.248757442,0.1,1
REEF1370,0.248757442,0.1,1
REEF1371,0.248757442,0.1,1
REEF1372,0.248757442,0.1,1
REEF1373,0.248757442,0.1,1
REEF1374,0.248757442,0.1,1
REEF1375,0.248757442,0.1,1
REEF1376,0.248757442,0.1,1
REEF1377,0.248757442,0.1,1
REEF1378,0.248757442,0.1,1
REEF1379,0.248757442,0.1,1
REEF1380,0.248757442,0.1,1
REEF1381,0.248757442,0.1,1
REEF1382,0.248757442,0.1,1
REEF1383,0.248757442,0.1,1
REEF1384,0.248757442,0.1,1
REEF1385,0.248757442,0.1,1
REEF1386,0.248757442,0.1,1
REEF1387,0.248757442,0.1,1
REEF1388,0.248757442,0.1,1
REEF1389,0.248757442,0.1,1
REEF1390,0.248757442,0.1,1
REEF1391,0.248757442,0.1,1
REEF1392,0.248757442,0.1,1
REEF1393,0.248757442,0.1,1
REEF1394,0.248757442,0.1,1
REEF1395,0.248757442,0.1,1
REEF1396,0.248757442,0.1,1
REEF1397,0.248757442,0.1,1
REEF1398,0.248757442,0.1,1
REEF1399,0.248757442,0.1,1
REEF1400,0.248757442,0.1,1
REEF1401,0.248757442,0.1,1
REEF1402,0.248757442,0.1,1
REEF1403,0.248757442,0.1,1
REEF1404,0.248757442,0.1,1
REEF1405,0.248757442,0.1,1
REEF1406,0.248757442,0.1,1
REEF1407,0.248757442,0.1,1
REEF1408,0.248757442,0.1,1
REEF1409,0.248757442,0.1,1
REEF1410,0.248757442,0.1,1
REEF1411,0.248757442,0.1,1
REEF1412,0.248757442,0.1,1
REEF1413,0.248757442,0.1,1
REEF1414,0.248757442,0.1,1
REEF1415,0.248757442,0.1,1
REEF1416,0.248757442,0.1,1
REEF1417,0.248757442,0.1,1
REEF1418,0.248757442,0.1,1
REEF1419,0.248757442,0.1,1
REEF1420,0.248757442,0.1,1
REEF1421,0.248757442,0.1,1
REEF1422,0.248757442,0.1,1
REEF1423,0.248757442,0.1,1
REEF1424,0.248757442,0.1,1
REEF1425,0.248757442,0.1,1
REEF1426,0.248757442,0.1,1
REEF1427,0.248757442,0.1,1
REEF1428,0.248757442,0.1,1
REEF1429,0.248757442,0.1,1
REEF1430,0.248757442,0.1,1
REEF1431,0.248757442,0.1,1
REEF1432,0.248757442,0.1,1
REEF1433,0.248757442,0.1,1
REEF1434,0.248757442,0.1,1
REEF1435,0.248757442,0.1,1
REEF1436,0.248757442,0.1,1
REEF1437,0.248757442,0.1,1
REEF1438,0.248757442,0.1,1
REEF1439,0.248757442,0.1,1
REEF1440,0.248757442,0.1,1
REEF1441,0.248757442,0.1,1
REEF1442,0.248757442,0.1,1
REEF1443,0.248757442,0.1,1
REEF1444,0.248757442,0.1,1
REEF1445,0.248757442,0.1,1
REEF1446,0.248757442,0.1,1
REEF1447,0.248757442,0.1,1
REEF1448,0.248757442,0.1,1
REEF1449,0.248757442,0.1,1
REEF1450,0.248757442,0.1,1
REEF1451,0.248757442,0.1,1
REEF1452,0.248757442,0.1,1
REEF1453,0.248757442,0.1,1
REEF1454,0.248757442,0.1,1
REEF1455,0.248757442,0.1,1
REEF1456,0.248757442,0.1,1
REEF1457,0.248757442,0.1,1
REEF1458,0.248757442,0.1,1
REEF1459,0.248757442,0.1,1
REEF1460,0.248757442,0.1,1
REEF1461,0.248757442,0.1,1
REEF1462,0.248757442,0.1,1
REEF1463,0.248757442,0.1,1
REEF1464,0.248757442,0.1,1
REEF1465,0.248757442,0.1,1
REEF1466,0.248757442,0.1,1
REEF1467,0.248757442,0.1,1
REEF1468,0.248757442,0.1,1
REEF1469,0.248757442,0.1,1
REEF1470,0.248757442,0.1,1
REEF1471,0.248757442,0.1,1
REEF1472,0.248757442,0.1,1
REEF1473,0.248757442,0.1,1
REEF1474,0.248757442,0.1,1
REEF1475,0.248757442,0.1,1
REEF1476,0.248757442,0.1,1
REEF1477,0.248757442,0.1,1
REEF1478,0.248757442,0.1,1
REEF1479,0.248757442,0.1,1
REEF1480,0.248757442,0.1,1
REEF1481,0.248757442,0.1,1
REEF1482,0.248757442,0.1,1
REEF1483,0.248757442,0.1,1
REEF1484,0.248757442,0.1,1
REEF1485,0.248757442,0.1,1
REEF1486,0.248757442,0.1,1
REEF1487,0.248757442,0.1,1
REEF1488,0.248757442,0.1,1
REEF1489,0.248757442,0.1,1
REEF1490,0.248757442,0.1,1
REEF1491,0.248757442,0.1,1
REEF1492,0.248757442,0.1,1
REEF1493,0.248757442,0.1,1
REEF1494,0.248757442,0.1,1
REEF1495,0.248757442,0.1,1
REEF1496,0.248757442,0.1,1
REEF1497,0.248757442,0.1,1
REEF1498,0.248757442,0.1,1
REEF1499,0.248757442,0.1,1
REEF1500,0.248757442,0.1,1
REEF1501,0.248757442,0.1,1
REEF1502,0.248757442,0.1,1
REEF1503,0.248757442,0.1,1
REEF1504,0.248757442,0.1,1
REEF1505,0.248757442,0.1,1
REEF1506,0.248757442,0.1,1
REEF1507,0.248757442,0.1,1
REEF1508,0.248757442,0.1,1
REEF1509,0.248757442,0.1,1
REEF1510,0.248757442,0.1,1
REEF1511,0.248757442,0.1,1
REEF1512,0.248757442,0.1,1
REEF1513,0.248757442,0.1,1
REEF1514,0.248757442,0.1,1
REEF1515,0.248757442,0.1,1
REEF1516,0.248757442,0.1,1
REEF1517,0.248757442,0.1,1
REEF1518,0.248757442,0.1,1
REEF1519,0.248757442,0.1,1
REEF1520,0.248757442,0.1,1
REEF1521,0.248757442,0.1,1
REEF1522,0.248757442,0.1,1
REEF1523,0.248757442,0.1,1
REEF1524,0.248757442,0.1,1
REEF1525,0.248757442,0.1,1
REEF1526,0.248757442,0.1,1
REEF1527,0.248757442,0.1,1
REEF1528,0.248757442,0.1,1
REEF1529,0.248757442,0.1,1
REEF1530,0.248757442,0.1,1
REEF1531,0.248757442,0.1,1
REEF1532,0.248757442,0.1,1
REEF1533,0.248757442,0.1,1
REEF1534,0.248757442,0.1,1
REEF1535,0.248757442,0.1,1
REEF1536,0.248757442,0.1,1
REEF1537,0.248757442,0.1,1
REEF1538,0.248757442,0.1,1
REEF1539,0.248757442,0.1,1
REEF1540,0.248757442,0.1,1
REEF1541,0.248757442,0.1,1
REEF1542,0.248757442,0.1,1
REEF1543,0.248757442,0.1,1
REEF1544,0.248757442,0.1,1
REEF1545,0.248757442,0.1,1
REEF1546,0.248757442,0.1,1
REEF1547,0.248757442,0.1,1
REEF1548,0.248757442,0.1,1
REEF1549,0.248757442,0.1,1
REEF1550,0.248757442,0.1,1
REEF1551,0.248757442,0.1,1
REEF1552,0.248757442,0.1,1
REEF1553,0.248757442,0.1,1
REEF1554,0.248757442,0.1,1
REEF1555,0.248757442,0.1,1
REEF1556,0.248757442,0.1,1
REEF1557,0.248757442,0.1,1
REEF1558,0.248757442,0.1,1
REEF1559,0.248757442,0.1,1
REEF1560,0.248757442,0.1,1
REEF1561,0.248757442,0.1,1
REEF1562,0.248757442,0.1,1
REEF1563,0.248757442,0.1,1
REEF1564,0.248757442,0.1,1
REEF1565,0.248757442,0.1,1
REEF1566,0.248757442,0.1,1
REEF1567,0.248757442,0.1,1
REEF1568,0.248757442,0.1,1
REEF1569,0.248757442,0.1,1
REEF1570,0.248757442,0.1,1
REEF1571,0.248757442,0.1,1
REEF1572,0.248757442,0.1,1
REEF1573,0.248757442,0.1,1
REEF1574,0.248757442,0.1,1
REEF1575,0.248757442,0.1,1
REEF1576,0.248757442,0.1,1
REEF1577,0.248757442,0.1,1
REEF1578,0.248757442,0.1,1
REEF1579,0.248757442,0.1,1
REEF1580,0.248757442,0.1,1
REEF1581,0.248757442,0.1,1
REEF1582,0.248757442,0.1,1
REEF1583,0.248757442,0.1,1
REEF1584,0.248757442,0.1,1
REEF1585,0.248757442,0.1,1
REEF1586,0.248757442,0.1,1
REEF1587,0.248757442,0.1,1
REEF1588,0.248757442,0.1,1
REEF1589,0.248757442,0.1,1
REEF1590,0.248757442,0.1,1
REEF1591,0.248757442,0.1,1
REEF1592,0.248757442,0.1,1
REEF1593,0.248757442,0.1,1
REEF1594,0.248757442,0.1,1
REEF1595,0.248757442,0.1,1
REEF1596,0.248757442,0.1,1
REEF1597,0.248757442,0.1,1
REEF1598,0.248757442,0.1,1
REEF1599,0.248757442,0.1,1
REEF1600,0.248757442,0.1,1
REEF1601,0.248757442,0.1,1
REEF1602,0.248757442,0.1,1
REEF1603,0.248757442,0.1,1
REEF1604,0.248757442,0.1,1
REEF1605,0.248757442,0.1,1
REEF1606,0.248757442,0.1,1
REEF1607,0.248757442,0.1,1
REEF1608,0.248757442,0.1,1
REEF1609,0.248757442,0.1,1
REEF1610,0.248757442,0.1,1
REEF1611,0.248757442,0.1,1
REEF1612,0.248757442,0.1,1
REEF1613,0.248757442,0.1,1
REEF1614,0.248757442,0.1,1
REEF1615,0.248757442,0.1,1
REEF1616,0.248757442,0.1,1
REEF1617,0.248757442,0.1,1
REEF1618,0.248757442,0.1,1
REEF1619,0.248757442,0.1,1
REEF1620,0.248757442,0.1,1
REEF1621,0.248757442,0.1,1
REEF1622,0.248757442,0.1,1
REEF1623,0.248757442,0.1,1
REEF1624,0.248757442,0.1,1
REEF1625,0.248757442,0.1,1
REEF1626,0.248757442,0.1,1
REEF1627,0.248757442,0.1,1
REEF1628,0.248757442,0.1,1
REEF1629,0.248757442,0.1,1
REEF1630,0.248757442,0.1,1
REEF1631,0.248757442,0.1,1
REEF1632,0.248757442,0.1,1
REEF1633,0.248757442,0.1,1
REEF1634,0.248757442,0.1,1
REEF1635,0.248757442,0.1,1
REEF1636,0.248757442,0.1,1
REEF1637,0.248757442,0.1,1
REEF1638,0.248757442,0.1,1
REEF1639,0.248757442,0.1,1
REEF1640,0.248757442,0.1,1
REEF1641,0.248757442,0.1,1
REEF1642,0.248757442,0.1,1
REEF1643,0.248757442,0.1,1
REEF1644,0.248757442,0.1,1
REEF1645,0.248757442,0.1,1
REEF1646,0.248757442,0.1,1
REEF1647,0.248757442,0.1,1
REEF1648,0.248757442,0.1,1
REEF1649,0.248757442,0.1,1
REEF1650,0.248757442,0.1,1
REEF1651,0.248757442,0.1,1
REEF1652,0.248757442,0.1,1
REEF1653,0.248757442,0.1,1
REEF1654,0.248757442,0.1,1
REEF1655,0.248757442,0.1,1
REEF1656,0.248757442,0.1,1
REEF1657,0.248757442,0.1,1
REEF1658,0.248757442,0.1,1
REEF1659,0.248757442,0.1,1
REEF1660,0.248757442,0.1,1
REEF1661,0.248757442,0.1,1
REEF1662,0.248757442,0.1,1
REEF1663,0.248757442,0.1,1
REEF1664,0.248757442,0.1,1
REEF1665,0.248757442,0.1,1
REEF1666,0.248757442,0.1,1
REEF1667,0.248757442,0.1,1
REEF1668,0.248757442,0.1,1
REEF1669,0.248757442,0.1,1
REEF1670,0.248757442,0.1,1
REEF1671,0.248757442,0.1,1
REEF1672,0.248757442,0.1,1
REEF1673,0.248757442,0.1,1
REEF1674,0.248757442,0.1,1
REEF1675,0.248757442,0.1,1
REEF1676,0.248757442,0.1,1
REEF1677,0.248757442,0.1,1
REEF1678,0.248757442,0.1,1
REEF1679,0.248757442,0.1,1
REEF1680,0.248757442,0.1,1
REEF1681,0.248757442,0.1,1
REEF1682,0.248757442,0.1,1
REEF1683,0.248757442,0.1,1
REEF1684,0.248757442,0.1,1
REEF1685,0.248757442,0.1,1
REEF1686,0.248757442,0.1,1
REEF1687,0.248757442,0.1,1
REEF1688,0.248757442,0.1,1
REEF1689,0.248757442,0.1,1
REEF1690,0.248757442,0.1,1
REEF1691,0.248757442,0.1,1
REEF1692,0.248757442,0.1,1
REEF1693,0.248757442,0.1,1
REEF1694,0.248757442,0.1,1
REEF1695,0.248757442,0.1,1
REEF1696,0.248757442,0.1,1
REEF1697,0.248757442,0.1,1
REEF1698,0.248757442,0.1,1
REEF1699,0.248757442,0.1,1
REEF1700,0.248757442,0.1,1
REEF1701,0.248757442,0.1,1
REEF1702,0.248757442,0.1,1
REEF1703,0.248757442,0.1,1
REEF1704,0.248757442,0.1,1
REEF1705,0.248757442,0.1,1
REEF1706,0.248757442,0.1,1
REEF1707,0.248757442,0.1,1
REEF1708,0.248757442,0.1,1
REEF1709,0.248757442,0.1,1
REEF1710,0.248757442,0.1,1
REEF1711,0.248757442,0.1,1
REEF1712,0.248757442,0.1,1
REEF1713,0.248757442,0.1,1
REEF1714,0.248757442,0.1,1
REEF1715,0.248757442,0.1,1
REEF1716,0.248757442,0.1,1
REEF1717,0.248757442,0.1,1
REEF1718,0.248757442,0.1,1
REEF1719,0.248757442,0.1,1
REEF1720,0.248757442,0.1,1
REEF1721,0.248757442,0.1,1
REEF1722,0.248757442,0.1,1
REEF1723,0.248757442,0.1,1
REEF1724,0.248757442,0.1,1
REEF1725,0.248757442,0.1,1
REEF1726,0.248757442,0.1,1
REEF1727,0.248757442,0.1,1
REEF1728,0.248757442,0.1,1
REEF1729,0.248757442,0.1,1
REEF1730,0.248757442,0.1,1
REEF1731,0.248757442,0.1,1
REEF1732,0.248757442,0.1,1
REEF1733,0.248757442,0.1,1
REEF1734,0.248757442,0.1,1
REEF1735,0.248757442,0.1,1
REEF1736,0.248757442,0.1,1
REEF1737,0.248757442,0.1,1
REEF1738,0.248757442,0.1,1
REEF1739,0.248757442,0.1,1
REEF1740,0.248757442,0.1,1
REEF1741,0.248757442,0.1,1
REEF1742,0.248757442,0.1,1
REEF1743,0.248757442,0.1,1
REEF1744,0.248757442,0.1,1
REEF1745,0.248757442,0.1,1
REEF1746,0.248757442,0.1,1
REEF1747,0.248757442,0.1,1
REEF1748,0.248757442,0.1,1
REEF1749,0.248757442,0.1,1
REEF1750,0.248757442,0.1,1
REEF1751,0.248757442,0.1,1
REEF1752,0.248757442,0.1,1
REEF1753,0.248757442,0.1,1
REEF1754,0.248757442,0.1,1
REEF1755,0.248757442,0.1,1
REEF1756,0.248757442,0.1,1
REEF1757,0.248757442,0.1,1
REEF1758,0.248757442,0.1,1
REEF1759,0.248757442,0.1,1
REEF1760,0.248757442,0.1,1
REEF1761,0.248757442,0.1,1
REEF1762,0.248757442,0.1,1
REEF1763,0.248757442,0.1,1
REEF1764,0.248757442,0.1,1
REEF1765,0.248757442,0.1,1
REEF1766,0.248757442,0.1,1
REEF1767,0.248757442,0.1,1
REEF1768,0.248757442,0.1,1
REEF1769,0.248757442,0.1,1
REEF1770,0.248757442,0.1,1
REEF1771,0.248757442,0.1,1
REEF1772,0.248757442,0.1,1
REEF1773,0.248757442,0.1,1
REEF1774,0.248757442,0.1,1
REEF1775,0.248757442,0.1,1
REEF1776,0.248757442,0.1,1
REEF1777,0.248757442,0.1,1
REEF1778,0.248757442,0.1,1
REEF1779,0.248757442,0.1,1
REEF1780,0.248757442,0.1,1
REEF1781,0.248757442,0.1,1
REEF1782,0.248757442,0.1,1
REEF1783,0.248757442,0.1,1
REEF1784,0.248757442,0.1,1
REEF1785,0.248757442,0.1,1
REEF1786,0.248757442,0.1,1
REEF1787,0.248757442,0.1,1
REEF1788,0.248757442,0.1,1
REEF1789,0.248757442,0.1,1
REEF1790,0.248757442,0.1,1
REEF1791,0.248757442,0.1,1
REEF1792,0.248757442,0.1,1
REEF1793,0.248757442,0.1,1
REEF1794,0.248757442,0.1,1
REEF1795,0.248757442,0.1,1
REEF1796,0.248757442,0.1,1
REEF1797,0.248757442,0.1,1
REEF1798,0.248757442,0.1,1
REEF1799,0.248757442,0.1,1
REEF1800,0.248757442,0.1,1
REEF1801,0.248757442,0.1,1
REEF1802,0.248757442,0.1,1
REEF1803,0.248757442,0.1,1
REEF1804,0.248757442,0.1,1
REEF1805,0.248757442,0.1,1
REEF1806,0.248757442,0.1,1
REEF1807,0.248757442,0.1,1
REEF1808,0.248757442,0.1,1
REEF1809,0.248757442,0.1,1
REEF1810,0.248757442,0.1,1
REEF1811,0.248757442,0.1,1
REEF1812,0.248757442,0.1,1
REEF1813,0.248757442,0.1,1
REEF1814,0.248757442,0.1,1
REEF1815,0.248757442,0.1,1
REEF1816,0.248757442,0.1,1
REEF1817,0.248757442,0.1,1
REEF1818,0.248757442,0.1,1
REEF1819,0.248757442,0.1,1
REEF1820,0.248757442,0.1,1
REEF1821,0.248757442,0.1,1
REEF1822,0.248757442,0.1,1
REEF1823,0.248757442,0.1,1
REEF1824,0.248757442,0.1,1
REEF1825,0.248757442,0.1,1
REEF1826,0.248757442,0.1,1
REEF1827,0.248757442,0.1,1
REEF1828,0.248757442,0.1,1
REEF1829,0.248757442,0.1,1
REEF1830,0.248757442,0.1,1
REEF1831,0.248757442,0.1,1
REEF1832,0.248757442,0.1,1
REEF1833,0.248757442,0.1,1
REEF1834,0.248757442,0.1,1
REEF1835,0.248757442,0.1,1
REEF1836,0.248757442,0.1,1
REEF1837,0.248757442,0.1,1
REEF1838,0.248757442,0.1,1
REEF1839,0.248757442,0.1,1
REEF1840,0.248757442,0.1,1
REEF1841,0.248757442,0.1,1
REEF1842,0.248757442,0.1,1
REEF1843,0.248757442,0.1,1
REEF1844,0.248757442,0.1,1
REEF1845,0.248757442,0.1,1
REEF1846,0.248757442,0.1,1
REEF1847,0.248757442,0.1,1
REEF1848,0.248757442,0.1,1
REEF1849,0.248757442,0.1,1
REEF1850,0.248757442,0.1,1
REEF1851,0.248757442,0.1,1
REEF1852,0.248757442,0.1,1
REEF1853,0.248757442,0.1,1
REEF1854,0.248757442,0.1,1
REEF1855,0.248757442,0.1,1
REEF1856,0.248757442,0.1,1
REEF1857,0.248757442,0.1,1
REEF1858,0.248757442,0.1,1
REEF1859,0.248757442,0.1,1
REEF1860,0.248757442,0.1,1
REEF1861,0.248757442,0.1,1
REEF1862,0.248757442,0.1,1
REEF1863,0.248757442,0.1,1
REEF1864,0.248757442,0.1,1
REEF1865,0.248757442,0.1,1
REEF1866,0.248757442,0.1,1
REEF1867,0.248757442,0.1,1
REEF1868,0.248757442,0.1,1
REEF1869,0.248757442,0.1,1
REEF1870,0.248757442,0.1,1
REEF1871,0.248757442,0.1,1
REEF1872,0.248757442,0.1,1
REEF1873,0.248757442,0.1,1
REEF1874,0.248757442,0.1,1
REEF1875,0.248757442,0.1,1
REEF1876,0.248757442,0.1,1
REEF1877,0.248757442,0.1,1
REEF1878,0.248757442,0.1,1
REEF1879,0.248757442,0.1,1
REEF1880,0.248757442,0.1,1
REEF1881,0.248757442,0.1,1
REEF1882,0.248757442,0.1,1
REEF1883,0.248757442,0.1,1
REEF1884,0.248757442,0.1,1
REEF1885,0.248757442,0.1,1
REEF1886,0.248757442,0.1,1
REEF1887,0.248757442,0.1,1
REEF1888,0.248757442,0.1,1
REEF1889,0.248757442,0.1,1
REEF1890,0.248757442,0.1,1
REEF1891,0.248757442,0.1,1
REEF1892,0.248757442,0.1,1
REEF1893,0.248757442,0.1,1
REEF1894,0.248757442,0.1,1
REEF1895,0.248757442,0.1,1
REEF1896,0.248757442,0.1,1
REEF1897,0.248757442,0.1,1
REEF1898,0.248757442,0.1,1
REEF1899,0.248757442,0.1,1
REEF1900,0.248757442,0.1,1
REEF1901,0.248757442,0.1,1
REEF1902,0.248757442,0.1,1
REEF1903,0.248757442,0.1,1
REEF1904,0.248757442,0.1,1
REEF1905,0.248757442,0.1,1
REEF1906,0.248757442,0.1,1
REEF1907,0.248757442,0.1,1
REEF1908,0.248757442,0.1,1
REEF1909,0.248757442,0.1,1
REEF1910,0.248757442,0.1,1
REEF1911,0.248757442,0.1,1
REEF1912,0.248757442,0.1,1
REEF1913,0.248757442,0.1,1
REEF1914,0.248757442,0.1,1
REEF1915,0.248757442,0.1,1
REEF1916,0.248757442,0.1,1
REEF1917,0.248757442,0.1,1
REEF1918,0.248757442,0.1,1
REEF1919,0.248757442,0.1,1
REEF1920,0.248757442,0.1,1
REEF1921,0.248757442,0.1,1
REEF1922,0.248757442,0.1,1
REEF1923,0.248757442,0.1,1
REEF1924,0.248757442,0.1,1
REEF1925,0.248757442,0.1,1
REEF1926,0.248757442,0.1,1
REEF1927,0.248757442,0.1,1
REEF1928,0.248757442,0.1,1
REEF1929,0.248757442,0.1,1
REEF1930,0.248757442,0.1,1
REEF1931,0.248757442,0.1,1
REEF1932,0.248757442,0.1,1
REEF1933,0.248757442,0.1,1
REEF1934,0.248757442,0.1,1
REEF1935,0.248757442,0.1,1
REEF1936,0.248757442,0.1,1
REEF1937,0.248757442,0.1,1
REEF1938,0.248757442,0.1,1
REEF1939,0.248757442,0.1,1
REEF1940,0.248757442,0.1,1
REEF1941,0.248757442,0.1,1
REEF1942,0.248757442,0.1,1
REEF1943,0.248757442,0.1,1
REEF1944,0.248757442,0.1,1
REEF1945,0.248757442,0.1,1
REEF1946,0.248757442,0.1,1
REEF1947,0.248757442,0.1,1
REEF1948,0.248757442,0.1,1
REEF1949,0.248757442,0.1,1
REEF1950,0.248757442,0.1,1
REEF1951,0.248757442,0.1,1
REEF1952,0.248757442,0.1,1
REEF1953,0.248757442,0.1,1
REEF1954,0.248757442,0.1,1
REEF1955,0.248757442,0.1,1
REEF1956,0.248757442,0.1,1
REEF1957,0.248757442,0.1,1
REEF1958,0.248757442,0.1,1
REEF1959,0.248757442,0.1,1
REEF1960,0.248757442,0.1,1
REEF1961,0.248757442,0.1,1
REEF1962,0.248757442,0.1,1
REEF1963,0.248757442,0.1,1
REEF1964,0.248757442,0.1,1
REEF1965,0.248757442,0.1,1
REEF1966,0.248757442,0.1,1
REEF1967,0.248757442,0.1,1
REEF1968,0.248757442,0.1,1
REEF1969,0.248757442,0.1,1
REEF1970,0.248757442,0.1,1
REEF1971,0.248757442,0.1,1
REEF1972,0.248757442,0.1,1
REEF1973,0.248757442,0.1,1
REEF1974,0.248757442,0.1,1
REEF1975,0.248757442,0.1,1
REEF1976,0.248757442,0.1,1
REEF1977,0.248757442,0.1,1
REEF1978,0.248757442,0.1,1
REEF1979,0.248757442,0.1,1
REEF1980,0.248757442,0.1,1
REEF1981,0.248757442,0.1,1
REEF1982,0.248757442,0.1,1
REEF1983,0.248757442,0.1,1
REEF1984,0.248757442,0.1,1
REEF1985,0.248757442,0.1,1
REEF1986,0.248757442,0.1,1
REEF1987,0.248757442,0.1,1
REEF1988,0.248757442,0.1,1
REEF1989,0.248757442,0.1,1
REEF1990,0.248757442,0.1,1
REEF1991,0.248757442,0.1,1
REEF1992,0.248757442,0.1,1
REEF1993,0.248757442,0.1,1
REEF1994,0.248757442,0.1,1
REEF1995,0.248757442,0.1,1
REEF1996,0.248757442,0.1,1
REEF1997,0.248757442,0.1,1
REEF1998,0.248757442,0.1,1
REEF1999,0.248757442,0.1,1
REEF2000,0.248757442,0.1,1
REEF2001,0.248757442,0.1,1
REEF2002,0.248757442,0.1,1
REEF2003,0.248757442,0.1,1
REEF2004,0.248757442,0.1,1
REEF2005,0.248757442,0.1,1
REEF2006,0.248757442,0.1,1
REEF2007,0.248757442,0.1,1
REEF2008,0.248757442,0.1,1
REEF2009,0.248757442,0.1,1
REEF2010,0.248757442,0.1,1
REEF2011,0.248757442,0.1,1
REEF2012,0.248757442,0.1,1
REEF2013,0.248757442,0.1,1
REEF2014,0.248757442,0.1,1
REEF2015,0.248757442,0.1,1
REEF2016,0.248757442,0.1,1
REEF2017,0.248757442,0.1,1
REEF2018,0.248757442,0.1,1
REEF2019,0.248757442,0.1,1
REEF2020,0.248757442,0.1,1
REEF2021,0.248757442,0.1,1
REEF2022,0.248757442,0.1,1
REEF2023,0.248757442,0.1,1
REEF2024,0.248757442,0.1,1
REEF2025,0.248757442,0.1,1
REEF2026,0.248757442,0.1,1
REEF2027,0.248757442,0.1,1
REEF2028,0.248757442,0.1,1
REEF2029,0.248757442,0.1,1
REEF2030,0.248757442,0.1,1
REEF2031,0.248757442,0.1,1
REEF2032,0.248757442,0.1,1
REEF2033,0.248757442,0.1,1
REEF2034,0.248757442,0.1,1
REEF2035,0.248757442,0.1,1
REEF2036,0.248757442,0.1,1
REEF2037,0.248757442,0.1,1
REEF2038,0.248757442,0.1,1
REEF2039,0.248757442,0.1,1
REEF2040,0.248757442,0.1,1
REEF2041,0.248757442,0.1,1
REEF2042,0.248757442,0.1,1
REEF2043,0.248757442,0.1,1
REEF2044,0.248757442,0.1,1
REEF2045,0.248757442,0.1,1
REEF2046,0.248757442,0.1,1
REEF2047,0.248757442,0.1,1
REEF2048,0.248757442,0.1,1
REEF2049,0.248757442,0.1,1
REEF2050,0.248757442,0.1,1
REEF2051,0.248757442,0.1,1
REEF2052,0.248757442,0.1,1
REEF2053,0.248757442,0.1,1
REEF2054,0.248757442,0.1,1
REEF2055,0.248757442,0.1,1
REEF2056,0.248757442,0.1,1
REEF2057,0.248757442,0.1,1
REEF2058,0.248757442,0.1,1
REEF2059,0.248757442,0.1,1
REEF2060,0.248757442,0.1,1
REEF2061,0.248757442,0.1,1
REEF2062,0.248757442,0.1,1
REEF2063,0.248757442,0.1,1
REEF2064,0.248757442,0.1,1
REEF2065,0.248757442,0.1,1
REEF2066,0.248757442,0.1,1
REEF2067,0.248757442,0.1,1
REEF2068,0.248757442,0.1,1
REEF2069,0.248757442,0.1,1
REEF2070,0.248757442,0.1,1
REEF2071,0.248757442,0.1,1
REEF2072,0.248757442,0.1,1
REEF2073,0.248757442,0.1,1
REEF2074,0.248757442,0.1,1
REEF2075,0.248757442,0.1,1
REEF2076,0.248757442,0.1,1
REEF2077,0.248757442,0.1,1
REEF2078,0.248757442,0.1,1
REEF2079,0.248757442,0.1,1
REEF2080,0.248757442,0.1,1
REEF2081,0.248757442,0.1,1
REEF2082,0.248757442,0.1,1
REEF2083,0.248757442,0.1,1
REEF2084,0.248757442,0.1,1
REEF2085,0.248757442,0.1,1
REEF2086,0.248757442,0.1,1
REEF2087,0.248757442,0.1,1
REEF2088,0.248757442,0.1,1
REEF2089,0.248757442,0.1,1
REEF2090,0.248757442,0.1,1
REEF2091,0.248757442,0.1,1
REEF2092,0.248757442,0.1,1
REEF2093,0.248757442,0.1,1
REEF2094,0.248757442,0.1,1
REEF2095,0.248757442,0.1,1
REEF2096,0.248757442,0.1,1
REEF2097,0.248757442,0.1,1
REEF2098,0.248757442,0.1,1
REEF2099,0.248757442,0.1,1
REEF2100,0.248757442,0.1,1
REEF2101,0.248757442,0.1,1
REEF2102,0.248757442,0.1,1
REEF2103,0.248757442,0.1,1
REEF2104,0.248757442,0.1,1
REEF2105,0.248757442,0.1,1
REEF2106,0.248757442,0.1,1
REEF2107,0.248757442,0.1,1
REEF2108,0.248757442,0.1,1
REEF2109,0.248757442,0.1,1
REEF2110,0.248757442,0.1,1
REEF2111,0.248757442,0.1,1
REEF2112,0.248757442,0.1,1
REEF2113,0.248757442,0.1,1
REEF2114,0.248757442,0.1,1
REEF2115,0.248757442,0.1,1
REEF2116,0.248757442,0.1,1
REEF2117,0.248757442,0.1,1
REEF2118,0.248757442,0.1,1
REEF2119,0.248757442,0.1,1
REEF2120,0.248757442,0.1,1
REEF2121,0.248757442,0.1,1
REEF2122,0.248757442,0.1,1
REEF2123,0.248757442,0.1,1
REEF2124,0.248757442,0.1,1
REEF2125,0.248757442,0.1,1
REEF2126,0.248757442,0.1,1
REEF2127,0.248757442,0.1,1
REEF2128,0.248757442,0.1,1
REEF2129,0.248757442,0.1,1
REEF2130,0.248757442,0.1,1
REEF2131,0.248757442,0.1,1
REEF2132,0.248757442,0.1,1
REEF2133,0.248757442,0.1,1
REEF2134,0.248757442,0.1,1
REEF2135,0.248757442,0.1,1
REEF2136,0.248757442,0.1,1
REEF2137,0.248757442,0.1,1
REEF2138,0.248757442,0.1,1
REEF2139,0.248757442,0.1,1
REEF2140,0.248757442,0.1,1
REEF2141,0.248757442,0.1,1
REEF2142,0.248757442,0.1,1
REEF2143,0.248757442,0.1,1
REEF2144,0.248757442,0.1,1
REEF2145,0.248757442,0.1,1
REEF2146,0.248757442,0.1,1
REEF2147,0.248757442,0.1,1
REEF2148,0.248757442,0.1,1
REEF2149,0.248757442,0.1,1
REEF2150,0.248757442,0.1,1
REEF2151,0.248757442,0.1,1
REEF2152,0.248757442,0.1,1
REEF2153,0.248757442,0.1,1
REEF2154,0.248757442,0.1,1
REEF2155,0.248757442,0.1,1
REEF2156,0.248757442,0.1,1
REEF2157,0.248757442,0.1,1
REEF2158,0.248757442,0.1,1
REEF2159,0.248757442,0.1,1
REEF2160,0.248757442,0.1,1
